Gene Symbol;Pathways;LFC_Female_Healthy;padj_Female_Healthy;LFC_Female_Mutant;padj_Female_Mutant;LFC_Male_Healthy;padj_Male_Healthy;LFC_Male_Mutant;padj_Male_Mutant
ADAM8;Lymphocyte Migration | Negative Regulation of Apoptotic Process;-0.4740927678834806;0.7494256311814512;3.054957596290496;;1.536991579244391;0.2470856923154201;-4.23708868324944;0.2359164046295143
ASNS;Negative Regulation of Apoptotic Process;0.3817528939188306;0.7359965481361289;1.0281001801902108;;1.6719407811570437;0.2722469616290862;-2.612127652997882;0.2359164046295143
CAV1;Negative Regulation of Apoptotic Process | Negative Regulation of Receptor Signaling Pathway via JAK-STAT | Negative Regulation of Receptor Signaling Pathway via STAT | Positive Regulation of Cell Motility | Protein Localization to Plasma Membrane Raft | Regulation of Cell Migration;0.0480259360422658;0.9350048789026122;0.3710900394863959;0.4611837389363851;0.2243146983126233;0.5524187219502015;-0.6047122826357069;0.4130778640217524
CCL2;Cellular Response to Chemokine | Chemokine-mediated Signaling Pathway | Negative Regulation of Apoptotic Process | Negative Regulation of Vascular Endothelial Cell Proliferation | Positive Regulation of Cell Motility | Regulation of Cell Migration;-1.3298213229365494;;0.6720858846757194;;5.720426132985694;;-4.449269988815235;
CDK4;Positive Regulation of Cell Population Proliferation;0.1764983530341668;0.5553956398395651;0.3524969665055539;0.4611837389363851;0.4138698173475275;0.0967059249871001;-0.4846644064535413;0.4638000859021055
CLCF1;Negative Regulation of Apoptotic Process | Positive Regulation of Cell Population Proliferation;0.1484702252068531;0.894842555656907;0.407652347093016;;0.9845903820792548;0.1437766377476202;-1.8279234905758364;
CLDN1;Positive Regulation of Cell Motility | Regulation of Cell Migration;0.069941197236187;0.9607798356635964;0.7902570915220836;;0.1019650362278852;0.9481713006475272;-1.8713923979632392;0.1869273744159561
CXCL17;Cellular Response to Chemokine | Chemokine-mediated Signaling Pathway | Lymphocyte Migration;-1.0284028827241396;;2.435288496626009;;-0.1179037773029249;0.9925080952765872;-6.843140732093335;
FLT1;Negative Regulation of Vascular Endothelial Cell Proliferation | Positive Regulation of Cell Motility | Positive Regulation of Cell Population Proliferation | Regulation of Cell Migration;-0.4645117941230955;;4.558629883284862;;0.5529809861976749;0.9269234726101232;-1.50010325284792;
FOSL1;Positive Regulation of Cell Population Proliferation;-0.7952062832882474;;2.2007513086727517;;5.177265614710319;0.0751474701639077;-6.349977019174759;0.1815719883172805
GCNT2;Positive Regulation of Cell Motility | Positive Regulation of Cell Population Proliferation | Regulation of Cell Migration;-1.211657888294869;;1.91991631574917;;1.1371724561791976;0.6623719406960524;-3.795531635015701;0.2830323722889142
GNAI1;Cellular Response to Chemokine | Chemokine-mediated Signaling Pathway | Lymphocyte Migration;-0.3130589898590425;;2.7830402303542723;;0.3569673737829918;0.9437817721845092;-3.13937591260362;0.2729347229687692
HMGA2;Negative Regulation of Apoptotic Process | Positive Regulation of Cell Population Proliferation;0.3057694257826807;;1.248735458427057;;2.1515581590619424;0.1206270136992019;-5.333066449872553;
KRT16;Regulation of Cell Migration;0.1443702045769077;0.96825306654855;2.585690370507778;0.4489742947559193;2.962033490997392;0.204452590021019;-3.668917092482;0.2564170595314381
KRT18;Negative Regulation of Apoptotic Process;-0.1347431822031738;0.9370981789664402;0.8319591408668054;;1.2971866467301862;0.3810422586663527;-2.824070591049625;0.1579030235747562
LAMC2;Positive Regulation of Cell Motility | Positive Regulation of Cell Population Proliferation | Regulation of Cell Migration;0.0549355792629686;0.8049006627569347;0.293868067023153;0.6319231587622741;0.5795172576708543;0.4765506474266157;-2.6460395500460483;
MYADM;Positive Regulation of Cell Motility | Protein Localization to Plasma Membrane Raft | Regulation of Cell Migration;0.3428046936469084;0.4508522199419194;1.4016733228820135;0.3949738004220339;0.1990472804546737;0.8765561131622771;-2.0457101434431624;0.2446607472023651
NES;Positive Regulation of Cell Population Proliferation;0.1188441848857909;0.9201769838098484;1.0009190910166297;;0.7271953965712862;0.1185169353433846;-0.9530178753036868;
NGF;Negative Regulation of Apoptotic Process;0.7910693887940845;0.5279717112091357;0.5226432465507143;;1.6117061668177406;0.1754512558832347;-3.558632701364004;0.1869273744159561
PLAUR;Negative Regulation of Apoptotic Process;0.1504770766037851;;0.7600687640689321;;3.640728654889339;0.0052994716543028;-4.5605319210188;
SERPINB2;Negative Regulation of Apoptotic Process;-1.375290234039804;;2.295646404247848;;1.2440008050663072;0.6281361771015183;-4.272331131878558;0.1815719883172805
SERPINE1;Negative Regulation of Apoptotic Process | Regulation of Cell Migration;-0.0259793239375752;;1.3403645683345304;;3.501622551235151;0.0120124205522263;-5.479912806299827;
SH2B3;Cellular Response to Chemokine | Chemokine-mediated Signaling Pathway | Negative Regulation of Receptor Signaling Pathway via JAK-STAT | Negative Regulation of Receptor Signaling Pathway via STAT;-0.0502353454664548;0.8881624052415471;0.1021144221429992;;0.3032046939205367;0.0006492590574477;-0.1043750387339589;0.6703615070033999
SOCS3;Negative Regulation of Apoptotic Process | Negative Regulation of Receptor Signaling Pathway via JAK-STAT | Negative Regulation of Receptor Signaling Pathway via STAT;-0.5491917432783723;0.7053558353784786;1.6165874347347335;;2.127386366467323;;-3.8815731927694;0.1579030235747562
SPHK1;Negative Regulation of Apoptotic Process | Positive Regulation of Cell Motility | Positive Regulation of Cell Population Proliferation | Regulation of Cell Migration;-0.0044880587097791;0.9982769565083288;-0.009153876251488;;0.4017624942155239;0.4354861584980299;-1.2555041696184923;0.1133282285186304
STK39;Cellular Response to Chemokine | Chemokine-mediated Signaling Pathway;-0.2930375174716754;0.7706365188360879;0.796474576944825;;0.3606490935344476;0.8855175572605228;-1.3766960695209944;0.3599116822248901
TIMP1;Positive Regulation of Cell Population Proliferation;0.3116100326821275;;1.9326668482300549;;1.8250428420142415;0.2561450107697074;-5.286039809670135;0.1752893939047201
TNC;Regulation of Cell Migration;-1.0267605970383034;0.6137791449226664;2.931457586433389;;0.3815940750901336;0.9534174579186508;-4.203256619909306;0.3008541123831324
TSPAN31;Positive Regulation of Cell Population Proliferation;-0.0323014104441424;0.9655997273234364;0.2972719720032893;0.5759336226384862;0.4894581706397674;0.054392009120891;-0.3800943804597507;0.4638000859021055
