Gene_set;Term;Overlap;P-value;Adjusted P-value;Odds Ratio;Combined Score;Genes
gs_ind_0;CORNIFIED ENVELOPE FORMATION;11/214;6.16747373060384e-07;0.00010854753765862758;8.443828243828245;120.73666483408971;"KRT75;SPRR2D;KRT18;S100A3;LAMB3;CLDN1;KRT16;LAMC2;KRT17;SPRR1A;S100A9"
gs_ind_0;GLYCOSAMINOGLYCAN BIOSYNTHESIS - KERATAN SULFATE;2/14;0.00508930828508795;0.20567421528507457;26.13170731707317;137.9914426342605;"ST3GAL1;B4GALT3"
gs_ind_0;ESTROGEN SIGNALING PATHWAY;5/135;0.0038500753973014314;0.20567421528507457;5.704063922454727;31.71267055627552;"CREB5;KRT18;KRT16;KRT17;GNAI1"
gs_ind_0;GLYCOSPHINGOLIPID BIOSYNTHESIS - GANGLIO SERIES;2/15;0.005843017479689619;0.20567421528507457;24.193014152363745;124.41276698043127;"ST3GAL1;B4GALNT1"
gs_ind_0;IL-17 SIGNALING PATHWAY;4/93;0.005762381899855404;0.20567421528507457;6.725177221726679;34.67773318468085;"S100A9;FOSL1;CCL2;LCN2"
gs_ind_0;GROWTH HORMONE SYNTHESIS, SECRETION AND ACTION;4/118;0.013119367951324899;0.32985839420474034;5.240284760192287;22.709642171867795;"GNAI1;IGFBP3;CREB5;SOCS3"
gs_ind_0;TNF SIGNALING PATHWAY;4/118;0.013119367951324899;0.32985839420474034;5.240284760192287;22.709642171867795;"RHBDF2;CREB5;CCL2;SOCS3"
gs_ind_0;GLYCOSPHINGOLIPID BIOSYNTHESIS - LACTO AND NEOLACTO SERIES;2/28;0.019717253172105487;0.3528689036259825;12.304801349900291;48.31186449508525;"GCNT2;B4GALT3"
gs_ind_0;P53 SIGNALING PATHWAY;3/75;0.020293644407010147;0.3528689036259825;6.364035337703049;24.80349377819456;"SERPINE1;IGFBP3;CDK4"
gs_ind_0;FOCAL ADHESION;5/199;0.018827643295174685;0.3528689036259825;3.7962120712763388;15.08018330576;"CAV1;FLT1;LAMB3;LAMC2;ACTN1"
gs_ind_0;APELIN SIGNALING PATHWAY;4/138;0.022054306476623906;0.3528689036259825;4.449814126394052;16.97269192246297;"GNAI1;SERPINE1;SPHK1;ACTA2"
gs_ind_0;COMPLEMENT AND COAGULATION CASCADES;3/87;0.029843101324374725;0.3970949075429344;5.452051445058438;19.146522864086776;"PLAUR;SERPINE1;SERPINB2"
gs_ind_0;TYROSINE METABOLISM;2/36;0.031587094918187966;0.3970949075429344;9.44208789913986;32.62247629698583;"S100A9;COMT"
gs_ind_0;INTEGRIN SIGNALING;4/153;0.030726065589359232;0.3970949075429344;3.9957561619965714;13.915795993774225;"FLT1;LAMC2;ACTN1;LAMB3"
gs_ind_0;COCAINE ADDICTION;2/48;0.05331497689159975;0.3977520153858379;6.994929626715622;20.505901972673392;"GNAI1;CREB5"
gs_ind_0;AGE-RAGE SIGNALING PATHWAY IN DIABETIC COMPLICATIONS;3/100;0.04243254848680759;0.3977520153858379;4.71739775376139;14.906220034327072;"SERPINE1;CCL2;CDK4"
gs_ind_0;LEUKOCYTE TRANSENDOTHELIAL MIGRATION;3/116;0.06101877508760013;0.3977520153858379;4.044234900061892;11.310000852356717;"GNAI1;ACTN1;CLDN1"
gs_ind_0;HIF-1 SIGNALING PATHWAY;3/110;0.053661040165945466;0.3977520153858379;4.273188545070152;12.499367283915012;"FLT1;TIMP1;SERPINE1"
gs_ind_0;PI3K-AKT SIGNALING PATHWAY;6/355;0.056531962469686795;0.3977520153858379;2.4900292343098838;7.153727231134995;"CREB5;CDK4;FLT1;LAMB3;NGF;LAMC2"
gs_ind_0;PARATHYROID HORMONE SYNTHESIS, SECRETION AND ACTION;3/112;0.056062877983627066;0.3977520153858379;4.1940827955771915;12.084332736386823;"GNAI1;STK39;CREB5"
gs_ind_0;CHAGAS DISEASE;3/103;0.04566269085344828;0.3977520153858379;4.574853007688828;14.120163522607434;"GNAI1;SERPINE1;CCL2"
gs_ind_0;SMALL CELL LUNG CANCER;3/92;0.03441165249549737;0.3977520153858379;5.144235652615541;17.33278202691163;"LAMC2;LAMB3;CDK4"
gs_ind_0;AMOEBIASIS;3/100;0.04243254848680759;0.3977520153858379;4.71739775376139;14.906220034327072;"LAMC2;ACTN1;LAMB3"
gs_ind_0;CHOLINERGIC SYNAPSE;3/111;0.05485556237588902;0.3977520153858379;4.23327112769928;12.28940488761451;"GNAI1;KCNQ5;CREB5"
gs_ind_0;STAPHYLOCOCCUS AUREUS INFECTION;3/95;0.03731759784662894;0.3977520153858379;4.975519320973866;16.360951778602015;"KRT16;KRT18;KRT17"
gs_ind_0;TRANSCRIPTIONAL MISREGULATION IN CANCER;4/189;0.05878831786608623;0.3977520153858379;3.2056218713900653;9.084130109881485;"FLT1;IGFBP3;HMGA2;SLC45A3"
gs_ind_0;TOXOPLASMOSIS;3/109;0.05247937404573566;0.3977520153858379;4.3138555853024485;12.71437781853336;"GNAI1;LAMC2;LAMB3"
gs_ind_0;SPHINGOLIPID METABOLISM;2/54;0.06568001950479996;0.412845836887314;6.1908633372048;16.857476432552264;"SPHK1;B4GALNT1"
gs_ind_0;RELAXIN SIGNALING PATHWAY;3/126;0.07427056088943741;0.4507454729841719;3.7120821761970086;9.651564462553745;"GNAI1;CREB5;ACTA2"
gs_ind_0;CYTOKINE-CYTOKINE RECEPTOR INTERACTION;5/296;0.07918545504909158;0.4618038540571021;2.501693275278181;6.344200696346941;"CXCL17;PPBP;CLCF1;NGF;CCL2"
gs_ind_0;DOPAMINERGIC SYNAPSE;3/131;0.08134045156687594;0.4618038540571021;3.5653921600154357;8.945967636308865;"GNAI1;CREB5;COMT"
gs_ind_0;STEROID HORMONE BIOSYNTHESIS;2/63;0.08579506352612068;0.47187284939366375;5.27893449666204;12.9639746539845;"SULT2B1;COMT"
gs_ind_0;HUMAN CYTOMEGALOVIRUS INFECTION;4/223;0.09458196048870973;0.5044371226064519;2.697364139277579;6.361162866700145;"GNAI1;CREB5;CCL2;CDK4"
gs_ind_0;RENIN SECRETION;2/69;0.10010528722609822;0.5181920750527438;4.806082505269497;11.061356403378243;"GNAI1;PDE1A"
gs_ind_0;GLYCOSPHINGOLIPID BIOSYNTHESIS - GLOBO AND ISOGLOBO SERIES;1/16;0.11740801387973204;0.5437844853377063;12.43741935483871;26.642197400345605;ST3GAL1
gs_ind_0;CUSHING SYNDROME;3/151;0.11233763376753482;0.5437844853377063;3.07741325096697;6.727983503474142;"GNAI1;CREB5;CDK4"
gs_ind_0;ALCOHOLISM;3/153;0.11565890585127832;0.5437844853377063;3.0357486065731307;6.5484433316851;"GNAI1;SLC29A2;CREB5"
gs_ind_0;PHENYLALANINE METABOLISM;1/16;0.11740801387973204;0.5437844853377063;12.43741935483871;26.642197400345605;S100A9
gs_ind_0;CELLULAR SENESCENCE;3/156;0.12071058053667282;0.5447451839603696;2.9752873717931463;6.2908271046973;"SERPINE1;IGFBP3;CDK4"
gs_ind_0;HEPATITIS C;3/158;0.12412377389417772;0.546144605134382;2.936275942706811;6.126469385600922;"SOCS3;CLDN1;CDK4"
gs_ind_0;INSULIN SECRETION;2/81;0.13048268540890534;0.5467845864754128;4.074500178964054;8.297779672107946;"KCNN4;CREB5"
gs_ind_0;CALCIUM SIGNALING PATHWAY;4/250;0.12889451981447098;0.5467845864754128;2.3936284452929244;4.903972331835444;"SPHK1;NGF;FLT1;PDE1A"
gs_ind_0;MORPHINE ADDICTION;2/89;0.15177798525287511;0.5683601149894898;3.698257839721254;6.972460303848681;"GNAI1;PDE1A"
gs_ind_0;INFLUENZA A;3/171;0.14713931363623375;0.5683601149894898;2.705275032493808;5.184322601465807;"SOCS3;CCL2;CDK4"
gs_ind_0;GAP JUNCTION;2/85;0.14104073579634382;0.5683601149894898;3.8773672167859403;7.59462446335504;"GNAI1;TUBB6"
gs_ind_0;TIGHT JUNCTION;3/169;0.14350940780305663;0.5683601149894898;2.7384657384657385;5.31633329471972;"CLDN1;ACTN1;CDK4"
gs_ind_0;ECM-RECEPTOR INTERACTION;2/88;0.14907801132414064;0.5683601149894898;3.7414822125099865;7.1211090086361715;"LAMC2;LAMB3"
gs_ind_0;RHEUMATOID ARTHRITIS;2/92;0.15993616158612992;0.5864325924824764;3.5743161299016304;6.551651886515757;"FLT1;CCL2"
gs_ind_0;MANNOSE TYPE O-GLYCAN BIOSYNTHESIS;1/23;0.16440445319617256;0.5905139543372729;8.560533333333334;15.455406964112244;B4GALT3
gs_ind_0;VIRAL CARCINOGENESIS;3/185;0.1733586651269499;0.6102225012468636;2.4933091814785464;4.369256613463611;"ACTN1;CREB5;CDK4"
gs_ind_0;VIRAL PROTEIN INTERACTION WITH CYTOKINE AND CYTOKINE RECEPTOR;2/99;0.17927328322916347;0.6186685852614269;3.314780070877632;5.6975895558692145;"CCL2;PPBP"
gs_ind_0;CHEMOKINE SIGNALING PATHWAY;3/191;0.18498745466331498;0.6261113850142969;2.4121051362430674;4.070348466396365;"GNAI1;CCL2;PPBP"
gs_ind_0;HIPPO SIGNALING PATHWAY - MULTIPLE SPECIES;1/29;0.2027204023457113;0.660718348386022;6.753263157894737;10.777718912981666;SAV1
gs_ind_0;INSULIN RESISTANCE;2/107;0.20178826137545805;0.660718348386022;3.060339845104612;4.898185142034419;"CREB5;SOCS3"
gs_ind_0;TGF-BETA SIGNALING PATHWAY;2/109;0.20747135155062882;0.6639083249620122;3.0026470032142183;4.722449147083721;"FST;LTBP1"
gs_ind_0;RAP1 SIGNALING PATHWAY;3/210;0.22307382526638117;0.6887893552084752;2.1859404560390323;3.2794626499864017;"GNAI1;NGF;FLT1"
gs_ind_0;MUCIN TYPE O-GLYCAN BIOSYNTHESIS;1/32;0.22122460990242085;0.6887893552084752;6.107809523809524;9.214099497132134;ST3GAL1
gs_ind_0;FRUCTOSE AND MANNOSE METABOLISM;1/35;0.23930601084283729;0.6906077470381601;5.574608695652174;7.97175825515238;SLPI
gs_ind_0;ALANINE, ASPARTATE AND GLUTAMATE METABOLISM;1/36;0.2452408370121129;0.6906077470381601;5.416901408450705;7.61353370790444;ASNS
gs_ind_0;AMINO SUGAR AND NUCLEOTIDE SUGAR METABOLISM;1/37;0.2511300898320582;0.6906077470381601;5.267835616438356;7.27901195941295;SLPI
gs_ind_0;NEUROTROPHIN SIGNALING PATHWAY;2/119;0.2361171202559811;0.6906077470381601;2.743642968344577;3.9602492299704095;"NGF;SH2B3"
gs_ind_0;HUMAN T-CELL LEUKEMIA VIRUS 1 INFECTION;3/219;0.2416546238773295;0.6906077470381601;2.0926650506747086;2.972098636586512;"FOSL1;CREB5;CDK4"
gs_ind_0;HUMAN PAPILLOMAVIRUS INFECTION;4/328;0.25023267451620923;0.6906077470381601;1.8000932268130674;2.4937845256743287;"LAMB3;LAMC2;CREB5;CDK4"
gs_ind_0;SPHINGOLIPID SIGNALING PATHWAY;2/123;0.24765006072826226;0.6906077470381601;2.6519789889256917;3.701469374216577;"GNAI1;SPHK1"
gs_ind_0;PROLACTIN SIGNALING PATHWAY;1/69;0.4174703948383122;0.706642452334857;2.7957372262773723;2.442192903381022;SOCS3
gs_ind_0;PRION DISEASE;3/268;0.3458740198175996;0.706642452334857;1.6957712720424585;1.8003675884084729;"CAV1;TUBB6;CREB5"
gs_ind_0;PATHOGENIC ESCHERICHIA COLI INFECTION;2/198;0.45771158844416876;0.706642452334857;1.6242578456318915;1.2693835152429265;"TUBB6;CLDN1"
gs_ind_0;PATHWAYS IN CANCER;5/525;0.38691458133440654;0.706642452334857;1.359680451899472;1.2910863819938387;"CDK4;LAMB3;LAMC2;FRAT2;GNAI1"
gs_ind_0;PANCREATIC CANCER;1/77;0.4530119843010923;0.706642452334857;2.5008627450980394;1.980274899325629;CDK4
gs_ind_0;N-GLYCAN BIOSYNTHESIS;1/55;0.3497240456332643;0.706642452334857;3.520073394495413;3.6982273944393818;B4GALT3
gs_ind_0;NON-SMALL CELL LUNG CANCER;1/71;0.4265632595561239;0.706642452334857;2.715744680851064;2.313799804492176;CDK4
gs_ind_0;MICRORNAS IN CANCER;2/160;0.3540003203357057;0.706642452334857;2.023415660024108;2.101231088746299;"HMGA2;SLC45A3"
gs_ind_0;MOTOR PROTEINS;2/190;0.4365992423049737;0.706642452334857;1.6949170817968127;1.4046448540831022;"TUBB6;ACTA2"
gs_ind_0;MALARIA;1/50;0.32369644466185826;0.706642452334857;3.878060606060606;4.374254976346897;CCL2
gs_ind_0;LONG-TERM DEPRESSION;1/59;0.3698341470795616;0.706642452334857;3.2777435897435896;3.2603735972249615;GNAI1
gs_ind_0;JAK-STAT SIGNALING PATHWAY;2/167;0.3736934103884742;0.706642452334857;1.936113772013853;1.9057546872973545;"SOCS3;CLCF1"
gs_ind_0;HEPATOCELLULAR CARCINOMA;2/166;0.370893617853831;0.706642452334857;1.9481305755306793;1.9322338335858185;"FRAT2;CDK4"
gs_ind_0;HIPPO SIGNALING PATHWAY;2/155;0.3398102578447642;0.706642452334857;2.0906490823865895;2.2565794727104405;"SERPINE1;SAV1"
gs_ind_0;HERPES SIMPLEX VIRUS 1 INFECTION;2/181;0.4123493898190435;0.706642452334857;1.7819371787032634;1.5785900908472243;"CCL2;SOCS3"
gs_ind_0;LEGIONELLOSIS;1/56;0.35481000281825564;0.706642452334857;3.456216216216216;3.5812373589592257;EEF1G
gs_ind_0;PHAGOSOME;2/151;0.32839477121387967;0.706642452334857;2.1476738178753023;2.3915181764930145;"MRC2;TUBB6"
gs_ind_0;PERTUSSIS;1/77;0.4530119843010923;0.706642452334857;2.5008627450980394;1.980274899325629;GNAI1
gs_ind_0;OTHER TYPES OF O-GLYCAN BIOSYNTHESIS;1/43;0.28552767214126273;0.706642452334857;4.520752941176471;5.666385557629724;B4GALT3
gs_ind_0;OSTEOCLAST DIFFERENTIATION;2/134;0.27944823990796347;0.706642452334857;2.428439944776806;3.096110831848555;"FOSL1;SOCS3"
gs_ind_0;EFFEROCYTOSIS;2/157;0.3454975534753026;0.706642452334857;2.0632368703108255;2.1927456645845655;"SPHK1;MFGE8"
gs_ind_0;FLUID SHEAR STRESS AND ATHEROSCLEROSIS;2/138;0.29100716137150134;0.706642452334857;2.3560856487685755;2.9083695659745654;"CAV1;CCL2"
gs_ind_0;CORTISOL SYNTHESIS AND SECRETION;1/63;0.3893319041539297;0.706642452334857;3.066432;2.8926360638444266;CREB5
gs_ind_0;CHEMICAL CARCINOGENESIS - RECEPTOR ACTIVATION;2/195;0.4498454117851584;0.706642452334857;1.650070376672759;1.3181608400917362;"GNAI1;CREB5"
gs_ind_0;BREAST CANCER;2/146;0.3140589114862197;0.706642452334857;2.2233943792725124;2.575079105907927;"FRAT2;CDK4"
gs_ind_0;CHRONIC MYELOID LEUKEMIA;1/76;0.4486887820693737;0.706642452334857;2.5343046357615893;2.0310570372173546;CDK4
gs_ind_0;CGMP-PKG SIGNALING PATHWAY;2/161;0.35682661641905006;0.706642452334857;2.010474806942427;2.0718049108405565;"GNAI1;CREB5"
gs_ind_0;BACTERIAL INVASION OF EPITHELIAL CELLS;1/78;0.4573018193551232;0.706642452334857;2.468283870967742;1.9312141051583296;CAV1
gs_ind_0;AMPHETAMINE ADDICTION;1/67;0.4082356707923955;0.706642452334857;2.8805413533834585;2.580707667181101;CREB5
gs_ind_0;BLADDER CANCER;1/40;0.2685278389620419;0.706642452334857;4.865924050632912;6.397720285259927;CDK4
gs_ind_0;ADRENERGIC SIGNALING IN CARDIOMYOCYTES;2/148;0.3198012260804255;0.706642452334857;2.192485918033242;2.499555946761775;"GNAI1;CREB5"
gs_ind_0;ADIPOCYTOKINE SIGNALING PATHWAY;1/70;0.42203442482527714;0.706642452334857;2.755165467625899;2.376794166014336;SOCS3
gs_ind_0;GASTRIC ACID SECRETION;1/73;0.43551640950357173;0.706642452334857;2.640165517241379;2.1945657835069947;GNAI1
gs_ind_0;GNRH SECRETION;1/64;0.39411282748415233;0.706642452334857;3.017763779527559;2.809894315209122;KCNN4
gs_ind_0;RETINOL METABOLISM;1/66;0.4035644325089622;0.706642452334857;2.9248854961832063;2.654097022998165;RDH16
gs_ind_0;VASOPRESSIN-REGULATED WATER REABSORPTION;1/43;0.28552767214126273;0.706642452334857;4.520752941176471;5.666385557629724;CREB5
gs_ind_0;VALINE, LEUCINE AND ISOLEUCINE DEGRADATION;1/48;0.3130007089198838;0.706642452334857;4.042357894736842;4.69540009925563;MCCC1
gs_ind_0;PROTEOGLYCANS IN CANCER;2/197;0.4550964503598963;0.706642452334857;1.6327740003742748;1.285394643434037;"CAV1;PLAUR"
gs_ind_0;REGULATION OF LIPOLYSIS IN ADIPOCYTES;1/58;0.36486475807793595;0.706642452334857;3.3351652173913044;3.362608690669585;GNAI1
gs_ind_0;TYPE II DIABETES MELLITUS;1/47;0.30759058950262747;0.706642452334857;4.129806451612903;4.86898248224894;SOCS3
gs_ind_0;VIRAL MYOCARDITIS;1/68;0.4128709005250917;0.706642452334857;2.837511111111111;2.5101199996423276;CAV1
gs_ind_0;VIRION - HEPATITIS VIRUSES;1/47;0.30759058950262747;0.706642452334857;4.129806451612903;4.86898248224894;CLDN1
gs_ind_0;VEGF SIGNALING PATHWAY;1/59;0.3698341470795616;0.706642452334857;3.2777435897435896;3.2603735972249615;SPHK1
gs_ind_0;THYROID HORMONE SYNTHESIS;1/71;0.4265632595561239;0.706642452334857;2.715744680851064;2.313799804492176;CREB5
gs_ind_0;WNT SIGNALING PATHWAY;2/170;0.3820638215155934;0.706642452334857;1.9009191575595281;1.82900284700474;"FOSL1;FRAT2"
gs_ind_0;VARIOUS TYPES OF N-GLYCAN BIOSYNTHESIS;1/44;0.2911074114068011;0.706642452334857;4.416275862068965;5.449962500288964;B4GALT3
gs_ind_0;TUBERCULOSIS;2/179;0.4068933792822966;0.706642452334857;1.8024733768464445;1.6207914419931875;"SPHK1;MRC2"
gs_ind_0;MELANOMA;1/72;0.4310571660927531;0.706642452334857;2.6774265734265734;2.2530934494951493;CDK4
gs_ind_0;HEDGEHOG SIGNALING PATHWAY;1/56;0.35481000281825564;0.706642452334857;3.456216216216216;3.5812373589592257;EFCAB7
gs_ind_0;GLIOMA;1/75;0.44433195734162295;0.706642452334857;2.5686442953020134;2.0836414696052032;CDK4
gs_ind_0;LONGEVITY REGULATING PATHWAY;1/87;0.49445000628358843;0.7437880436402697;2.208971098265896;1.5557987389622325;CREB5
gs_ind_0;TASTE TRANSDUCTION;1/86;0.49044929662347886;0.7437880436402697;2.2350877192982455;1.5923510897796564;PDE1A
gs_ind_0;GABAERGIC SYNAPSE;1/86;0.49044929662347886;0.7437880436402697;2.2350877192982455;1.5923510897796564;GNAI1
gs_ind_0;SALIVARY SECRETION;1/89;0.5023589108526929;0.7492810873735081;2.158508474576271;1.486004551816982;KCNN4
gs_ind_0;ALDOSTERONE SYNTHESIS AND SECRETION;1/92;0.5139944809176299;0.7538567653965017;2.0869508196721314;1.3889549899328162;CREB5
gs_ind_0;CAMP SIGNALING PATHWAY;2/222;0.5182765262100949;0.7538567653965017;1.4430433419980457;0.948434961886054;"GNAI1;CREB5"
gs_ind_0;ADHERENS JUNCTION;1/92;0.5139944809176299;0.7538567653965017;2.0869508196721314;1.3889549899328162;ACTN1
gs_ind_0;INFLAMMATORY MEDIATOR REGULATION OF TRP CHANNELS;1/97;0.5327949049771324;0.754061924855461;1.9775751295336788;1.245118326768619;NGF
gs_ind_0;MELANOGENESIS;1/96;0.5290929906284411;0.754061924855461;1.9985340314136126;1.2722489312495058;GNAI1
gs_ind_0;FC GAMMA R-MEDIATED PHAGOCYTOSIS;1/98;0.5364681760349678;0.754061924855461;1.9570461538461539;1.2187466494638652;SPHK1
gs_ind_0;CIRCADIAN ENTRAINMENT;1/95;0.525362213265462;0.754061924855461;2.019936507936508;1.3001671272251916;GNAI1
gs_ind_0;RAS SIGNALING PATHWAY;2/231;0.5398397871124323;0.754061924855461;1.3848592734293357;0.8537420249383769;"NGF;FLT1"
gs_ind_0;PROSTATE CANCER;1/103;0.554412457775655;0.7553356691397767;1.860409756097561;1.0973559239027828;CREB5
gs_ind_0;GLUCAGON SIGNALING PATHWAY;1/104;0.5579183919782441;0.7553356691397767;1.8422028985507246;1.075003829045986;CREB5
gs_ind_0;SYSTEMIC LUPUS ERYTHEMATOSUS;1/104;0.5579183919782441;0.7553356691397767;1.8422028985507246;1.075003829045986;ACTN1
gs_ind_0;PROTEIN DIGESTION AND ABSORPTION;1/102;0.5508791644892939;0.7553356691397767;1.8789753694581282;1.1203198911189587;KCNN4
gs_ind_0;PROGESTERONE-MEDIATED OOCYTE MATURATION;1/108;0.5716726837166101;0.76804879644369;1.7727627906976744;0.9913088895879113;GNAI1
gs_ind_0;SEROTONERGIC SYNAPSE;1/111;0.5817111919868457;0.7741427861292246;1.7239819004524888;0.9340209623158475;GNAI1
gs_ind_0;GLUTAMATERGIC SYNAPSE;1/112;0.5850056281544709;0.7741427861292246;1.708304932735426;0.9158800339711733;GNAI1
gs_ind_0;T CELL RECEPTOR SIGNALING PATHWAY;1/119;0.6073624171210729;0.7939792283920061;1.6059746835443038;0.8007865193515533;CDK4
gs_ind_0;PARKINSON DISEASE;2/263;0.6111301033657548;0.7939792283920061;1.210418318332323;0.5960649418300287;"GNAI1;TUBB6"
gs_ind_0;AMPK SIGNALING PATHWAY;1/121;0.6135294037574592;0.7939792283920061;1.5789211618257262;0.7713457575177534;CREB5
gs_ind_0;RETROGRADE ENDOCANNABINOID SIGNALING;1/146;0.6830230127815271;0.7969488265745484;1.3035051546391752;0.4969310028205712;GNAI1
gs_ind_0;UBIQUITIN MEDIATED PROTEOLYSIS;1/142;0.6727948392067457;0.7969488265745484;1.3410318021201413;0.5314708053969713;SOCS3
gs_ind_0;VASCULAR SMOOTH MUSCLE CONTRACTION;1/131;0.6429628017428163;0.7969488265745484;1.4560919540229884;0.6431098145327804;ACTA2
gs_ind_0;YERSINIA INFECTION;1/138;0.6622420288152601;0.7969488265745484;1.3807418181818183;0.5690370998569918;CCL2
gs_ind_0;MAPK SIGNALING PATHWAY;2/296;0.6757213197077756;0.7969488265745484;1.0702306513727275;0.41950316393744524;"NGF;FLT1"
gs_ind_0;SPLICEOSOME;1/144;0.6779488842129116;0.7969488265745484;1.3220069686411149;0.5138421447551106;HNRNPA1
gs_ind_0;SIGNALING PATHWAYS REGULATING PLURIPOTENCY OF STEM CELLS;1/141;0.6701874618819319;0.7969488265745484;1.3507473309608542;0.5405661262512528;DLX5
gs_ind_0;PURINE METABOLISM;1/124;0.622601559569799;0.7969488265745484;1.5399838056680162;0.7297190410524392;PDE1A
gs_ind_0;MEASLES;1/138;0.6622420288152601;0.7969488265745484;1.3807418181818183;0.5690370998569918;CDK4
gs_ind_0;IGSF CAM SIGNALING;2/294;0.6720620513761262;0.7969488265745484;1.077826419289834;0.428333181731569;"TUBB6;ACTN1"
gs_ind_0;HUNTINGTON DISEASE;2/303;0.6882739865871099;0.7969488265745484;1.0444390513556876;0.39016930416312634;"TUBB6;CREB5"
gs_ind_0;PHOSPHOLIPASE D SIGNALING PATHWAY;1/147;0.6855304902042749;0.7969488265745484;1.294443686006826;0.48873313814154373;SPHK1
gs_ind_0;PLATELET ACTIVATION;1/125;0.6255787824281888;0.7969488265745484;1.5274216867469879;0.7164799189604201;GNAI1
gs_ind_0;APOPTOSIS;1/136;0.6568407304630515;0.7969488265745484;1.4014760147601475;0.5890595822201147;NGF
gs_ind_0;GASTRIC CANCER;1/146;0.6830230127815271;0.7969488265745484;1.3035051546391752;0.4969310028205712;FRAT2
gs_ind_0;INSULIN SIGNALING PATHWAY;1/137;0.6595519210801604;0.7969488265745484;1.391032967032967;0.5789403842318938;SOCS3
gs_ind_0;NON-ALCOHOLIC FATTY LIVER DISEASE;1/154;0.7025444790697106;0.8004024626577722;1.2343192182410423;0.43577215934431723;SOCS3
gs_ind_0;OXYTOCIN SIGNALING PATHWAY;1/152;0.6977780032874353;0.8004024626577722;1.250930693069307;0.450152755970386;GNAI1
gs_ind_0;CELL ADHESION MOLECULE (CAM) INTERACTION;1/155;0.7048998960906516;0.8004024626577722;1.2261747572815533;0.4287926720828385;CLDN1
gs_ind_0;HEPATITIS B;1/161;0.7186517761340573;0.8005234974657853;1.1794392523364485;0.38966120060030984;CREB5
gs_ind_0;NEUTROPHIL EXTRACELLULAR TRAP FORMATION;1/159;0.7141393893026045;0.8005234974657853;1.1946246056782335;0.4022027628606076;PADI4
gs_ind_0;CELL CYCLE;1/157;0.7095557976871903;0.8005234974657853;1.2101980830670926;0.41523849707525806;CDK4
gs_ind_0;AXON GUIDANCE;1/178;0.7542817447230324;0.8349282205739227;1.064180281690141;0.3000874676367663;GNAI1
gs_ind_0;NOD-LIKE RECEPTOR SIGNALING PATHWAY;1/185;0.7676267720312654;0.844389449234392;1.0228943089430895;0.27050607537371585;CCL2
gs_ind_0;NEUROACTIVE LIGAND SIGNALING;1/195;0.7854621123621438;0.8481063299124988;0.9690694087403599;0.23401384252589955;GNAI1
gs_ind_0;KAPOSI SARCOMA-ASSOCIATED HERPESVIRUS INFECTION;1/195;0.7854621123621438;0.8481063299124988;0.9690694087403599;0.23401384252589955;CDK4
gs_ind_0;AMYOTROPHIC LATERAL SCLEROSIS;2/362;0.7790952371287202;0.8481063299124988;0.8668515950069348;0.21638521581401524;"TUBB6;HNRNPA1"
gs_ind_0;ALZHEIMER DISEASE;2/379;0.800664364861296;0.8540419891853824;0.8259839552037904;0.18362733436328108;"TUBB6;FRAT2"
gs_ind_0;EPSTEIN-BARR VIRUS INFECTION;1/203;0.7987542862054343;0.8540419891853824;0.929837037037037;0.2089361555733885;CDK4
gs_ind_0;HUMAN IMMUNODEFICIENCY VIRUS 1 INFECTION;1/210;0.8097177431517315;0.8584959204500285;0.8979665871121718;0.18953341000167637;GNAI1
gs_ind_0;LIPID AND ATHEROSCLEROSIS;1/214;0.8157164103260077;0.8596771749543555;0.8806932084309134;0.17938709689330837;CCL2
gs_ind_0;HORMONE SIGNALING;1/218;0.8215288772337881;0.8606492999592066;0.8640551724137931;0.16986304265208516;GNAI1
gs_ind_0;THERMOGENESIS;1/229;0.8365989059233268;0.8624052691575996;0.8213041575492341;0.1465293081837936;CREB5
gs_ind_0;REGULATION OF ACTIN CYTOSKELETON;1/228;0.8352823348877941;0.8624052691575996;0.8250197802197802;0.14849158582917407;ACTN1
gs_ind_0;CORONAVIRUS DISEASE - COVID-19;1/230;0.8379051194656223;0.8624052691575996;0.8176209150326798;0.14459659200809022;CCL2
gs_ind_0;ENDOCYTOSIS;1/248;0.8597343468239962;0.8696163508104789;0.7564121212121212;0.11431795302630875;CAV1
gs_ind_0;SALMONELLA INFECTION;1/244;0.8551483807256947;0.8696163508104789;0.7692320328542095;0.12036964418915248;TUBB6
gs_ind_0;SHIGELLOSIS;1/242;0.8528003803676625;0.8696163508104789;0.7758012422360249;0.12353066077472426;ACTN1
gs_ind_0;PATHWAYS OF NEURODEGENERATION - MULTIPLE DISEASES;2/469;0.8868221312032442;0.8918896862386914;0.6591452545541499;0.07917049370034089;"TUBB6;FRAT2"
gs_ind_0;OLFACTORY TRANSDUCTION;1/443;0.9713572075962162;0.9713572075962162;0.41250169491525424;0.011987712721340677;PDE1A
