;Name;Term;ES;NES;NOM p-val;FDR q-val;FWER p-val;Tag %;Gene %;Lead_genes
0;prerank;RIBOSOME;-0.648687857319484;-2.8335865273303398;0.0;0.0;0.0;65/149;11.71%;"RPS21;RPL26;RPS29;RPS15A;RPS17;RPS14;RPL37;RPL3;RPL31;RPL21;RPL5;RPL7;RPL7A;RPL35A;RPL8;RPL30;RPS24;RPL22L1;RPS7;RPL27A;RPLP0;MRPS21;RPS5;RPS12;RPS15;RPS10;RPL14;RPL32;RPL35;RPS23;RPL6;RPS25;RPL36A;RPL10A;UBA52;RPL19;RPL23A;RPS11;MRPL12;RPS6;RPL27;RPL36AL;RPL37A;MRPL32;MRPS15;RPS18;RPL4;RPL9;RPS27;RPL36;RPS4X;MRPL18;MRPS34;RPL22;MRPS22;MRPL20;RPS3;NR4A2;RPS8;RPS27L;RPL11;RPL38;MRPS24;MRPS7;RPS28"
1;prerank;MOTOR PROTEINS;-0.6336502077278391;-2.6838306950542656;0.0;0.0;0.0;61/124;16.31%;"TUBA1C;KIF2C;KIF11;CENPE;KIF23;KIF22;KIF20B;MYH14;KIF20A;KIF15;KIFC1;KIF1C;DYNC1I2;MYO5B;KIF16B;TUBB4B;KIF14;MYO18A;CAPZB;TPM2;BICDL2;DCTN2;KIF18A;MYL12A;DCTN1;TUBB2A;TUBA1A;DYNC1H1;KIF18B;KLC1;MYL6;MYH9;TUBB6;KIFC3;MYO10;MYH10;TUBD1;MYO15B;KLC4;DYNC1LI1;TUBB2B;MYL7;KLC3;DYNLT3;CAPZA1;TNNI2;KIF3A;TNNT2;TPM3;CAPZA2;MYO5C;TUBE1;KIF24;DYNC1LI2;ACTG1;MYO1B;MYL6B;BICDL1;KIF21A;DCTN3;TUBA1B"
2;prerank;CORONAVIRUS DISEASE - COVID-19;-0.59236055339845;-2.632988181367754;0.0;0.0;0.0;68/173;12.96%;"RPS21;RPL26;RPS29;RPS15A;RPS17;RPS14;RPL37;RPL3;RPL31;RPL21;RPL5;RPL7;RPL7A;RPL35A;RPL8;RPL30;PSMA7;RPS24;RPL22L1;RPS7;RPL27A;RPLP0;RPS5;RPS12;RPS15;RPS10;RPL14;RPL32;RPL35;RPS23;RPL6;RPS25;RPL36A;RPL10A;UBA52;PLCG2;RPL19;RPL23A;RPS11;PIK3R3;RPS6;C3;RPL27;NRP1;RPL36AL;RPL37A;PMPCB;RPS18;RPL4;RPL9;RPS27;RPL36;RPS4X;RPL22;RPS3;PIK3CA;RPS8;RPS27L;RPL11;PIK3CB;RPL38;RPS28;MASP1;HBEGF;TBK1;ADAM17;MAPK13;RPS9"
3;prerank;PROTEASOME;-0.6838157145977068;-2.421211124396485;0.0;0.0;0.0;20/43;9.57%;"PSMD7;PSMC1;PSMC3;PSMD12;PSMD8;PSMA7;PSMC6;PSMD6;PSMD14;PSMD13;PSMD2;PSMC4;PSMD9;PSMD4;PSMC2;PSME4;SEM1;PSMB8;PSMD1;PSMC5"
4;prerank;PARKINSON DISEASE;-0.47996930114563785;-2.193313655135454;0.0;0.0;0.0;79/213;18.11%;"TUBA1C;HSPA5;PSMD7;NDUFB3;PSMC1;PSMC3;ATP5PB;PSMD12;COX6C;PSMD8;PSMA7;TUBB4B;CALM2;PSMC6;PSMD6;PSMD14;PSMD13;NDUFS4;UQCRH;APAF1;NDUFB8;NDUFA11;SEPTIN5;PSMD2;PSMC4;TUBB2A;UBA52;PSMD9;TUBA1A;CALM3;CALM1;UQCRC1;CASP3;NDUFA3;GNAL;NDUFS6;KLC1;PSMD4;PSMC2;TUBB6;XBP1;NDUFC1;ITPR1;COX7A2;GNAI3;PTGS2;NDUFS8;NDUFB7;KLC4;NDUFA2;SEM1;TUBB2B;ATF6;KLC3;NFE2L2;NDUFB9;PSMD1;NDUFA1;PSMC5;NDUFS1;EIF2S1;SLC6A3;TRAP1;NDUFS5;NDUFB5;EIF2AK3;PSMA6;UQCR11;PARK7;SLC11A2;SLC18A2;TUBA1B;ITPR2;CALML3;ADCY5;DDIT3;PSMB4;CCNI;PSMA2"
5;prerank;HUNTINGTON DISEASE;-0.47053284609821144;-2.179289664629605;0.0;0.0;0.0;73/233;14.44%;"TUBA1C;PLCB3;PSMD7;NDUFB3;PSMC1;PSMC3;ATP5PB;PSMD12;COX6C;PSMD8;CLTA;PSMA7;TUBB4B;PSMC6;PSMD6;PSMD14;DCTN2;PSMD13;NDUFS4;UQCRH;APAF1;DCTN1;NDUFB8;NDUFA11;PSMD2;PSMC4;TUBB2A;PSMD9;TUBA1A;POLR2C;PIK3C3;UQCRC1;CASP3;NDUFA3;NDUFS6;KLC1;PSMD4;POLR2E;PSMC2;TUBB6;NRF1;HDAC1;NDUFC1;ITPR1;COX7A2;PTGS2;NDUFS8;NDUFB7;KLC4;BECN1;NDUFA2;SEM1;TUBB2B;KLC3;NDUFB9;PSMD1;MTOR;NDUFA1;AP2M1;CLTB;PSMC5;NRBF2;NDUFS1;HDAC2;PLCB4;NDUFS5;TAF4;NDUFB5;PSMA6;CLTC;UQCR11;RB1CC1;WIPI1"
6;prerank;PRION DISEASE;-0.4637214522313934;-2.1290720338917564;0.0;0.0001424626825051122;0.001;65/206;14.31%;"TUBA1C;HSPA5;PSMD7;NDUFB3;PSMC1;PSMC3;ATP5PB;PSMD12;COX6C;PSMD8;HSPA1B;PSMA7;TUBB4B;PSMC6;PSMD6;PSMD14;PSMD13;NDUFS4;UQCRH;APAF1;NDUFB8;NDUFA11;PSMD2;PSMC4;TUBB2A;PSMD9;TUBA1A;PIK3R3;UQCRC1;CASP3;NDUFA3;NDUFS6;KLC1;PSMD4;PSMC2;TUBB6;NDUFC1;ITPR1;COX7A2;PRKCD;PTGS2;NDUFS8;NDUFB7;KLC4;NDUFA2;SEM1;TUBB2B;KLC3;NDUFB9;PSMD1;PIK3CA;NDUFA1;PSMC5;PIK3CB;NDUFS1;EIF2S1;STIP1;CAV1;MAPK13;NDUFS5;NDUFB5;EIF2AK3;PSMA6;UQCR11;MAPK1"
7;prerank;AMYOTROPHIC LATERAL SCLEROSIS;-0.4521491461334548;-2.1210485482040773;0.0;0.00012465484719197318;0.001;98/282;18.11%;"TUBA1C;HSPA5;PSMD7;NDUFB3;PSMC1;PSMC3;ATP5PB;PSMD12;COX6C;PSMD8;PSMA7;TUBB4B;ANXA7;CHMP2B;PSMC6;PSMD6;PSMD14;DCTN2;PSMD13;NDUFS4;UQCRH;APAF1;DCTN1;NDUFB8;NDUFA11;PSMD2;PSMC4;TUBB2A;PSMD9;TUBA1A;RAB5A;ANXA11;PIK3C3;RAB8A;UQCRC1;TPR;CASP3;NDUFA3;SQSTM1;NDUFS6;KLC1;PSMD4;SEC13;PSMC2;TUBB6;ALYREF;XBP1;NDUFC1;DERL1;COX7A2;PTGS2;VCP;NDUFS8;NDUFB7;KLC4;BECN1;NDUFA2;SEM1;TUBB2B;ATF6;KLC3;NDUFB9;PSMD1;MTOR;NUP37;NDUFA1;PSMC5;GLE1;NRBF2;NDUFS1;EIF2S1;NRG4;NUP35;TBK1;MAPK13;NDUFS5;NDUFB5;EIF2AK3;NUP107;PSMA6;NDC1;UQCR11;ACTG1;RB1CC1;WIPI1;SPG11;RANBP2;DCTN3;TUBA1B;NUP133;MATR3;NUP88;SMCR8;MAP1LC3B;DDIT3;PSMB4;CCNI;PSMA2"
8;prerank;CORNIFIED ENVELOPE FORMATION;-0.4895402259174885;-2.1072925593605594;0.0;0.00011080430861508727;0.001;51/132;14.98%;"PPL;KRT78;EVPL;KRT6A;PCSK6;KRT5;PPP2R2A;KRT16;KRT12;KRT80;PPP2CA;ST14;SPRR1A;DSG3;KRT8;KRT7;LCE3A;SDR9C7;KRT6B;CAPN1;KRT14;KRT10;CDSN;SPTLC2;S100A13;OCLN;PPP2R5A;CERS3;HAL;S100A10;COL4A5;EPHX3;ASPRV1;PKP1;ALOX12B;COL4A3;COL4A6;KRT19;S100A4;COL4A2;BLMH;KRT20;CLDN10;COL4A1;KRT23;COL4A4;SLC27A4;S100A1;JUP;S100A7A;S100A6"
9;prerank;CELL CYCLE;-0.48040592936750676;-2.1039263984669456;0.0;9.972387775357853e-05;0.001;41/147;12.34%;"RAD21;CCNB1;NDC80;CDK1;CCNA2;SMC1A;BUB3;CDC20;DBF4;BUB1B;CCNB2;CDC25B;PLK1;TTK;KNL1;SGO1;ESPL1;BUB1;ANAPC13;AURKB;CDC25C;YWHAE;MAD1L1;MAD2L1;PPP2CA;CDCA5;ESCO2;YWHAQ;HDAC1;SMC3;PPP2R5A;CDKN2C;CHEK2;FBXO5;ZBTB17;CDKN1C;MDM2;HDAC2;CDKN2B;WAPL;PDS5A"
10;prerank;PHAGOSOME;-0.5146009906085378;-2.071620235870367;0.0;0.00036263228274028555;0.004;36/93;16.31%;"TUBA1C;DYNC1I2;TUBB4B;LAMP1;CALR;SEC61G;CTSL;SEC61B;TUBB2A;COLEC12;TUBA1A;RAB5A;DYNC1H1;PIK3C3;ATP6V1E1;C3;TUBB6;ATP6V1D;CANX;ITGB5;NDUFA2;DYNC1LI1;TUBB2B;RAB7B;ATP6V0A2;STX12;ATP6V1G1;TFRC;STX18;DYNC1LI2;SEC22B;THBS4;ACTG1;ATP6V1B2;THBS1;TUBA1B"
11;prerank;SALMONELLA INFECTION;-0.4527265924172676;-2.068447936711368;0.0;0.00033241292584526176;0.004;86/210;21.22%;"HSP90B1;TUBA1C;DYNC1I2;TUBB4B;ANXA2;DCTN2;AHNAK2;NCKAP1;AHNAK;MYL12A;ARF1;DCTN1;RHOA;TUBB2A;CTNNB1;CYTH3;EXOC7;ARPC3;TUBA1A;RAB5A;PYCARD;DYNC1H1;PIK3C3;VPS41;RIPK3;CASP3;ARPC5L;KLC1;RIPK1;GCC2;TUBB6;DNM2;ACTR2;CDC42;KPNA4;KLC4;NDUFA2;DYNC1LI1;TUBB2B;RAB7B;MYL7;KLC3;DYNLT3;ACTR3;RPS3;PIK3CA;ARPC5;HRAS;MLKL;GAPDH;S100A10;PIK3CB;ARPC1B;EXOC5;EXOC4;HSP90AA1;MAPK13;DYNC1LI2;MAP2K2;RIPK2;MAPK1;ACTG1;DCTN3;TRADD;TUBA1B;HSP90AB1;CYFIP1;NFKBIA;ARL8B;MAP3K7;TLR4;AKT2;NFKB1;ARF6;LY96;ACTR1A;DYNC2LI1;FADD;CASP4;TNF;SNX9;CASP8;RHOJ;IRAK1;IL18;BAK1"
12;prerank;GLYCOSYLPHOSPHATIDYLINOSITOL (GPI)-ANCHOR BIOSYNTHESIS;0.5859102351349404;2.0076399184274942;0.0;0.015068037986910124;0.015;13/29;17.25%;"PIGV;PIGS;DPM2;PIGP;PIGC;PGAP2;PIGO;MPPE1;PGAP3;PIGM;PIGL;GPAA1;PIGB"
13;prerank;OOCYTE MEIOSIS;-0.46698486820061563;-1.9633439121987084;0.0;0.002531452281436994;0.031;37/104;17.61%;"CCNB1;CDK1;SMC1A;CDC20;CCNB2;PLK1;AURKA;CALM2;SGO1;ESPL1;BUB1;ANAPC13;CDC25C;YWHAE;MAD1L1;MAD2L1;PPP2CA;CALM3;CALM1;SLK;YWHAQ;ITPR1;SMC3;PPP2R5A;FBXO5;AREG;MAPK13;PPP1CB;MAPK1;PPP1CC;CDC27;PPP2CB;ANAPC15;ITPR2;CALML3;ADCY5;PPP1CA"
14;prerank;BACTERIAL INVASION OF EPITHELIAL CELLS;-0.5156072169327948;-1.9577446640241245;0.0;0.0025643282850920197;0.033;24/63;15.92%;"CLTA;SEPTIN8;SLTM;RHOA;CTNNB1;ARPC3;CTTN;PIK3R3;ARPC5L;CTNNA1;DNM2;ACTR2;CDC42;ACTR3;PIK3CA;ARPC5;ARHGAP10;CLTB;PIK3CB;ARPC1B;CAV1;CLTC;ACTG1;ELMO3"
15;prerank;TERPENOID BACKBONE BIOSYNTHESIS;-0.6654122677883975;-1.9408200173287748;0.0;0.0031246815029454607;0.044;8/19;13.93%;"FDPS;PMVK;MVK;HMGCS1;FNTA;IDI1;SOAT1;NUS1"
16;prerank;BUTANOATE METABOLISM;-0.6567489031654149;-1.9284205977452704;0.0018796992481203006;0.0038019728393551815;0.054;7/20;11.20%;"AACS;HMGCS1;HADHA;ECHS1;HMGCL;SOAT1;ACADS"
17;prerank;ALZHEIMER DISEASE;-0.40945415432224563;-1.9232734257784634;0.0;0.004106277319264999;0.062;87/300;15.21%;"TUBA1C;PLCB3;PSMD7;NDUFB3;PSMC1;PSMC3;ATP5PB;PSMD12;COX6C;PSMD8;PSMA7;TUBB4B;CALM2;NAE1;PSMC6;PSMD6;PSMD14;CAPN2;PSMD13;NDUFS4;UQCRH;APAF1;NDUFB8;NDUFA11;PSMD2;PSMC4;TUBB2A;CTNNB1;PSMD9;TUBA1A;PIK3C3;CALM3;PIK3R3;CALM1;UQCRC1;CASP3;NDUFA3;NDUFS6;KLC1;PSMD4;PSMC2;TUBB6;XBP1;NDUFC1;ITPR1;COX7A2;PTGS2;C1D;NDUFS8;NDUFB7;KLC4;CAPN1;BECN1;NDUFA2;SEM1;TUBB2B;ATF6;KLC3;NDUFB9;PSMD1;MTOR;PIK3CA;FASN;HRAS;NDUFA1;PSMC5;NRBF2;GAPDH;PIK3CB;NDUFS1;EIF2S1;APOE;PLCB4;ADAM17;NDUFS5;NDUFB5;MAP2K2;EIF2AK3;PSMA6;ADAM10;UQCR11;MAPK1;RB1CC1;WIPI1;DKK2;ATP2A2;SLC11A2"
18;prerank;VIRION - LASSA VIRUS AND SFTS VIRUS;-0.7502170119679635;-1.9096771299441537;0.0;0.004653780961833665;0.074;8/11;18.49%;"MYH14;LAMP1;MYH9;MYH10;TFRC;NRP2;PCDH1;PCDH7"
19;prerank;SPINOCEREBELLAR ATAXIA;-0.4470056890719196;-1.9036243482745931;0.0;0.004671276378983416;0.079;38/124;15.05%;"SPTBN2;PLCB3;PSMD7;PSMC1;PSMC3;PSMD12;PSMD8;PSMA7;PSMC6;PSMD6;PSMD14;PSMD13;PSMD2;PSMC4;PSMD9;PIK3C3;PIK3R3;PSMD4;PSMC2;XBP1;ITPR1;BECN1;SEM1;PSMD1;MTOR;PIK3CA;VLDLR;OMA1;PSMC5;NRBF2;PIK3CB;PLCB4;SLC1A6;PSMA6;RB1CC1;WIPI1;ATP2A2;NFYA"
20;prerank;SPLICEOSOME;-0.4373233164441738;-1.875080165476822;0.0;0.006232742359598658;0.109;59/133;24.48%;"HSPA1B;SF3B2;DHX38;SNRPB;CRNKL1;PRPF38A;SNW1;SLU7;HNRNPM;SNRNP70;CDC5L;SART1;LSM4;SYF2;ALYREF;SNRPF;SF3A3;TRA2B;PRPF6;YJU2;THOC5;THOC6;PCBP1;TRA2A;HNRNPU;DDX23;CWC25;SNRPE;GPKOW;SF3B6;PLRG1;USP39;RBM22;PRPF31;SF3A2;SNRPC;HNRNPK;DHX8;SNRPA1;PRPF40A;WBP11;CCDC12;SNRNP27;RBMXL1;SMNDC1;RBMX2;ZMAT2;DHX16;DHX15;LSM6;SNRPD3;CTNNBL1;SRSF3;PRPF19;NCBP1;LSM7;PPIE;HNRNPC;LSM2"
21;prerank;CIRCADIAN RHYTHM;0.5257189667618086;1.86824609146392;0.0024691358024691358;0.05072906122259742;0.093;11/31;17.53%;"PER3;RORB;BHLHE40;CRY2;BTRC;CSNK1D;PRKAA2;CREB1;PRKAB1;PRKAB2;PER1"
22;prerank;PROTEIN PROCESSING IN ENDOPLASMIC RETICULUM;-0.4163265064901615;-1.8380444157578568;0.0;0.009165099241162218;0.162;38/156;11.71%;"HSP90B1;HSPA5;P4HB;HSPA1B;CALR;BAG1;CAPN2;SEC61G;DNAJA1;SEC61B;BAG2;PDIA6;RRBP1;HSPH1;PPP1R15A;PDIA4;SEC13;HYOU1;UBXN6;XBP1;SVIP;DNAJC3;CANX;DERL1;ERO1B;VCP;CAPN1;CKAP4;ATF6;UBXN1;NFE2L2;DNAJC10;HERPUD1;EIF2S1;PDIA3;OSTC;HSP90AA1;DNAJB11"
23;prerank;PHOTOTRANSDUCTION;0.5821678077944296;1.832943374327897;0.0;0.05022679328970041;0.135;14/21;11.25%;"GUCY2F;PDE6A;GNAT1;GNAT2;RGS9BP;PDE6G;CNGB1;CNGA1;PDE6B;GUCA1B;GRK1;GNGT1;SLC24A1;RCVRN"
24;prerank;PATHOGENIC ESCHERICHIA COLI INFECTION;-0.4133111599663898;-1.8328796607214888;0.0;0.009292452245219818;0.174;71/159;25.83%;"TUBA1C;MYH14;MYO5B;TUBB4B;NCKAP1;EZR;ARF1;RHOA;TUBB2A;CYTH3;ARPC3;TUBA1A;PYCARD;CTTN;CASP3;ARPC5L;RIPK1;MYH9;TUBB6;NCK1;GNA13;MYO10;ACTR2;CDC42;MYH10;PTPN6;TUBB2B;ACTR3;OCLN;RPS3;ARHGEF1;FASN;ARPC5;GAPDH;ARPC1B;MYO5C;MAPK13;CLDN10;MAPK1;ACTG1;MYO1B;TRADD;TUBA1B;CYFIP1;BAIAP2L1;NFKBIA;MAP3K7;TLR4;NFKB1;ARF6;FADD;CASP4;TNF;ROCK1;CASP8;MYO1D;IRAK1;IL18;BAK1;CYTH2;CLDN17;WIPF3;TMED10;RAB1A;TJP1;CASP1;CYCS;SEC24D;MYO1E;ITGB1;MYH11"
25;prerank;TIGHT JUNCTION;-0.42302830448579304;-1.8200963064714666;0.0;0.010622760891142061;0.202;42/135;16.59%;"TUBA1C;MYH14;TJP2;CGNL1;EZR;MYL12A;ACTN4;PPP2R2A;RHOA;ARPC3;TUBA1A;SCRIB;PPP2CA;CTTN;NEDD4L;RAB8A;ARPC5L;MYL6;MYH9;TJP3;PARD3;ACTR2;CDC42;MYH10;CGN;RAB13;MARVELD3;ACTR3;OCLN;ARPC5;AFDN;ARPC1B;PATJ;CLDN10;RAP1A;ACTG1;MYL6B;PALS1;ARHGEF18;PARD6G;TUBA1B;PPP2CB"
26;prerank;PATHWAYS OF NEURODEGENERATION - MULTIPLE DISEASES;-0.3753799593498504;-1.8060417817649663;0.0;0.011925313714698765;0.237;123/366;21.22%;"TUBA1C;SPTBN2;PLCB3;HSPA5;PSMD7;NDUFB3;PSMC1;PSMC3;ATP5PB;PSMD12;COX6C;PSMD8;PSMA7;TUBB4B;CALM2;CHMP2B;PSMC6;PSMD6;PSMD14;CAPN2;DCTN2;PSMD13;NDUFS4;UQCRH;APAF1;DCTN1;NDUFB8;NDUFA11;SEPTIN5;PSMD2;PSMC4;TUBB2A;CTNNB1;UBA52;PSMD9;TUBA1A;RAB5A;PIK3C3;CALM3;CALM1;RAB8A;UQCRC1;CASP3;NDUFA3;SQSTM1;NDUFS6;KLC1;PSMD4;PSMC2;TUBB6;XBP1;NDUFC1;ITPR1;DERL1;COX7A2;PTGS2;VCP;NDUFS8;NDUFB7;KLC4;CAPN1;BECN1;NDUFA2;SEM1;TUBB2B;ATF6;KLC3;NDUFB9;PSMD1;MTOR;FASN;HRAS;NDUFA1;PSMC5;NRBF2;NDUFS1;EIF2S1;SLC6A3;PLCB4;TBK1;TRAP1;MAPK13;NDUFS5;NDUFB5;MAP2K2;EIF2AK3;PSMA6;UQCR11;MAPK1;RB1CC1;WIPI1;PARK7;DKK2;SPG11;ATP2A2;DCTN3;TUBA1B;ITPR2;SMCR8;WNT11;CALML3;MAP1LC3B;DDIT3;PSMB4;CCNI;PSMA2;CACNA1C;NFKB1;ACTR1A;FADD;GPX2;PSEN1;CHRM3;TNF;CASP8;PPP3R1;IFT57;GPX7;AGER;UQCRC2;MAP1LC3A;VAPB;BAK1"
27;prerank;VITAMIN DIGESTION AND ABSORPTION;0.5860905381241599;1.7740938739554;0.00904977375565611;0.07534018993455062;0.248;8/17;21.71%;"MMACHC;SLC5A6;SLC23A1;SLC46A1;ABCC1;SLC19A1;LRAT;CUBN"
28;prerank;IGSF CAM SIGNALING;-0.38614069004789103;-1.766750094343;0.0;0.016314826400485448;0.323;60/216;16.40%;"TUBA1C;SPTBN2;MYH14;SPTAN1;TJP2;TUBB4B;SSX2IP;EZR;MYL12A;ACTN4;RHOA;TUBB2A;CTNNB1;PPFIA3;PLCG2;ARPC3;TUBA1A;CADM4;PIK3R3;ARPC5L;MYL6;NRP1;LMO7;MYH9;TUBB6;PARD3;NCK1;ACTR2;CDC42;MYH10;PTPN6;LYN;TUBB2B;PALS2;RAP1B;ACTR3;CSK;PIK3CA;ARPC5;PIK3CB;AFDN;ARPC1B;SLITRK6;IQGAP1;NECTIN4;SLIT2;SORBS1;CABLES1;MAPK13;MAP2K2;RAP1A;MAPK1;ACTG1;MYL6B;NRP2;FGFR1;CXADR;PARD6G;TUBA1B;SRGAP1"
29;prerank;AMINOACYL-TRNA BIOSYNTHESIS;0.5125717859615735;1.7519618093204357;0.009324009324009324;0.07855470470509145;0.31;13/27;22.65%;"TRNP1;EARS2;RARS2;SEPSECS;VARS2;DTD1;PARS2;MARS2;GATC;PSTK;YARS2;NARS2;SARS2"
30;prerank;LIPID AND ATHEROSCLEROSIS;-0.39538774052912684;-1.7341028287357276;0.0;0.02305155789611565;0.427;53/157;21.10%;"HSP90B1;PLCB3;HSPA5;HSPA1B;CALM2;APAF1;RHOA;PYCARD;CALM3;PIK3R3;CALM1;CASP3;XBP1;ITPR1;CDC42;LYN;NDUFA2;ATF6;RAP1B;NFE2L2;PIK3CA;ARHGEF1;FASN;VLDLR;HRAS;CXCL2;PIK3CB;EIF2S1;HSP90AA1;PLCB4;TBK1;MAPK13;EIF2AK3;RAP1A;MAPK1;CCL2;JAK2;HSP90AB1;CALML3;NFKBIA;DDIT3;MAP3K7;TLR4;AKT2;NFKB1;LY96;TNF;SOD2;CASP8;PPP3R1;AGER;IRAK1;IL18"
31;prerank;OXIDATIVE PHOSPHORYLATION;-0.42369786704563345;-1.7247827417882977;0.0;0.024155339278089025;0.452;27/93;14.85%;"NDUFB3;ATP5PB;COX6C;NDUFS4;UQCRH;NDUFB8;NDUFA11;ATP6V1E1;UQCRC1;NDUFA3;NDUFS6;NDUFC1;ATP6V1D;COX7A2;PTGS2;NDUFS8;NDUFB7;NDUFA2;NDUFB9;ATP6V0A2;NDUFA1;NDUFS1;ATP6V1G1;NDUFS5;NDUFB5;UQCR11;ATP6V1B2"
32;prerank;ESTROGEN SIGNALING PATHWAY;-0.421948867477207;-1.7135589748812765;0.006134969325153374;0.02646244327532459;0.486;30/92;17.53%;"HSP90B1;PLCB3;HSPA1B;CALM2;KRT16;KRT12;CALM3;PIK3R3;CALM1;ITPR1;PRKCD;GNAI3;KRT14;KRT10;CTSD;PIK3CA;HRAS;PIK3CB;KRT19;HSP90AA1;HBEGF;PLCB4;KRT20;MAP2K2;KRT23;MAPK1;HSP90AB1;ITPR2;CALML3;ADCY5"
33;prerank;AUTOPHAGY - OTHER;-0.5105709843267484;-1.7041208476518555;0.006756756756756757;0.02792268577100199;0.514;12/31;16.59%;"GABARAP;PIK3C3;PPP2CA;ATG3;ATG5;ATG9A;BECN1;IGBP1;MTOR;GABARAPL2;WIPI1;PPP2CB"
34;prerank;SIGNALING PATHWAYS REGULATING PLURIPOTENCY OF STEM CELLS;0.37173573219633893;1.7034894783815209;0.0030959752321981426;0.10547626590837086;0.45;35/102;18.90%;"OTX1;SMAD3;TCF3;FZD8;CLSTN1;GSK3B;FGFR2;ACVR1B;WNT3A;ESRRB;IGF1R;ZFHX3;FGFR3;FZD7;MAPK11;INHBA;DVL1;DVL3;WNT10A;WNT6;FZD10;PIK3R1;PCGF2;PCGF6;FZD4;AKT3;DLX5;REST;LIF;MAPK12;BMPR2;MAPK3;MAPK14;DVL2;WNT4"
35;prerank;SHIGELLOSIS;-0.3760293100807801;-1.7014816221635127;0.0;0.027856203185832935;0.521;68/197;21.10%;"PLCB3;DIAPH1;CAPN2;SEPTIN8;TNIP1;MYL12A;ARF1;ACTN4;RHOA;CYTH3;UBA52;PLCG2;BCL10;ARPC3;PYCARD;PIK3C3;CTTN;PIK3R3;SQSTM1;ARPC5L;C3;RIPK1;ATG5;ITPR1;ACTR2;CDC42;PRKCD;RPS6KA5;CAPN1;BECN1;NDUFA2;MYL7;CBX3;MTOR;ACTR3;PIK3CA;ARPC5;PIK3CB;ARPC1B;FOXO4;MDM2;BNIP3;PLCB4;TBK1;MAPK13;RIPK2;MAPK1;ACTG1;WIPI1;TRADD;ITPR2;NFKBIA;RRAGC;MAP1LC3B;ACTN1;MALT1;MAP3K7;TLR4;AKT2;NFKB1;ARF6;CASP4;TNF;SEPTIN7;ROCK1;UBE2N;MAP1LC3A;IL18"
36;prerank;APOPTOSIS;-0.4013883522682956;-1.696509755631726;0.0015037593984962407;0.028405220663358016;0.532;44/116;22.08%;"TUBA1C;BIRC5;SPTAN1;CAPN2;CTSL;APAF1;TUBA1A;PIK3R3;CASP3;LMNA;RIPK1;LMNB1;ITPR1;MCL1;CAPN1;CTSD;PIK3CA;FASN;HRAS;PIK3CB;CTSC;EIF2S1;MAP2K2;EIF2AK3;MAPK1;ACTG1;CTSZ;TRADD;TUBA1B;PARP2;ITPR2;PTPN13;NFKBIA;DDIT3;BBC3;AKT2;NFKB1;FADD;TNF;CASP8;BAK1;NOL3;GADD45B;LMNB2"
37;prerank;SYSTEMIC LUPUS ERYTHEMATOSUS;-0.5046711381053006;-1.6860083689291627;0.011804384485666104;0.03094556581540734;0.575;6/33;4.43%;"H2BC4;PSMA7;SNRPB;H2AZ1;ACTN4;C3"
38;prerank;GLYCOSAMINOGLYCAN DEGRADATION;0.5768610015261049;1.6687925722116927;0.013544018058690745;0.12614100371899048;0.572;7/15;11.78%;"IDUA;HEXA;HYAL3;HYAL2;NAGLU;HGSNAT;GLB1"
39;prerank;TAURINE AND HYPOTAURINE METABOLISM;0.6727404578696586;1.6680559863997388;0.017937219730941704;0.11112678015346217;0.576;8/10;31.18%;"CSAD;GAD1;CDO1;GGT1;FMO1;ADO;FMO5;GGT5"
40;prerank;PROGESTERONE-MEDIATED OOCYTE MATURATION;-0.41659068249357145;-1.6668655619632158;0.0015625;0.03617257020334349;0.639;14/81;4.01%;"CCNB1;KIF22;CDK1;CCNA2;CCNB2;CDC25B;PLK1;AURKA;BUB1;ANAPC13;CDC25C;MAD1L1;MAD2L1;PIK3R3"
41;prerank;VASCULAR SMOOTH MUSCLE CONTRACTION;-0.41207600038525627;-1.6647331069783524;0.0;0.03578327378216641;0.647;33/89;20.14%;"PLCB3;MYH14;CALM2;PLA2G4A;RHOA;CALM3;CALM1;PPP1R12A;MYL6;MYH9;GNA13;ITPR1;MYH10;PRKCD;ARHGEF1;PRKCH;NPPB;PLCB4;PPP1R12C;PPP1CB;MAP2K2;CALD1;MAPK1;MYL6B;PPP1CC;ITPR2;CALML3;ADCY5;PPP1CA;PRKG1;CACNA1C;ADM;ROCK1"
42;prerank;EPSTEIN-BARR VIRUS INFECTION;-0.3843842662921239;-1.6608122811633845;0.001443001443001443;0.036185521356298496;0.661;34/147;12.79%;"PSMD7;CCNA2;PSMC1;PSMC3;PSMD12;PSMD8;CALR;PSMC6;PSMD6;PSMD14;PSMD13;APAF1;SNW1;PSMD2;PSMC4;PLCG2;PIK3R3;CASP3;PSMD4;RIPK1;PSMC2;HDAC1;LYN;SEM1;PSMD1;PIK3CA;FASN;PSMC5;PIK3CB;PDIA3;MDM2;HDAC2;TBK1;MAPK13"
43;prerank;ENDOCYTOSIS;-0.36492721499986147;-1.6510170737222056;0.0;0.03828288862651265;0.686;54/217;14.46%;"GRK2;CLTA;HSPA1B;CHMP2A;CHMP4B;CHMP2B;CAPZB;ARF1;RHOA;CYTH3;CHMP5;ARPC3;RAB5A;USP8;NEDD4L;RAB8A;EPN1;ARPC5L;RUFY1;WASHC3;CHMP6;DNM2;PARD3;SH3GLB1;ACTR2;CDC42;TSG101;RAB11A;ARFGAP3;CHMP4C;SNX6;RNF41;SNF8;IGF2R;VPS4A;CAPZA1;ARAP2;ACTR3;VPS36;ARPC5;HRAS;AP2M1;CLTB;EHD1;ARPC1B;MDM2;CAPZA2;TFRC;CAV1;SH3GL1;ZFYVE16;CLTC;IQSEC2;SMAP2"
44;prerank;FATTY ACID DEGRADATION;-0.4761235729059002;-1.6385707146655837;0.017513134851138354;0.04191098105589584;0.724;11/35;11.35%;"ACAA2;ACSL1;HADHA;ACADVL;ECHS1;ACSL5;ACADM;ECI2;SOAT1;ACADS;ADH5"
45;prerank;NECROPTOSIS;-0.3852026183157142;-1.6317517804270845;0.0;0.04377353370867605;0.745;31/112;20.25%;"CHMP2A;CHMP4B;CHMP2B;PLA2G4A;HMGB1;H2AZ1;CAPN2;CHMP5;PYCARD;FTH1;RIPK3;SQSTM1;CHMP6;RIPK1;CAPN1;CHMP4C;VPS4A;FASN;MLKL;H2AX;HSP90AA1;IL33;SMPD1;PPIA;TRADD;JAK2;HSP90AB1;TLR4;FADD;TNF;CASP8"
46;prerank;AUTOPHAGY - ANIMAL;-0.3691819971410459;-1.6228832720326953;0.002911208151382824;0.0458474135415811;0.766;44/150;17.44%;"LAMP1;HMGB1;GABARAP;CTSL;UBA52;PIK3C3;PPP2CA;VPS41;PIK3R3;RAB8A;SQSTM1;ATG3;ATG5;ATG9A;DAPK3;SH3GLB1;ITPR1;PRKCD;SNAP29;BECN1;RAB7B;IGBP1;HIF1A;CTSD;MTOR;PIK3CA;HRAS;NRBF2;PIK3CB;EIF2S1;GABARAPL2;TAX1BP1;BNIP3;TBK1;MAP2K2;EIF2AK3;MAPK1;RB1CC1;WIPI1;VAMP8;PPP2CB;SMCR8;RRAGC;MAP1LC3B"
47;prerank;PROTEIN EXPORT;-0.4981887412924482;-1.5971853013152066;0.02159468438538206;0.055945095419757555;0.824;6/28;6.50%;"HSPA5;SEC61G;IMMP1L;SEC61B;SEC11C;SRP68"
48;prerank;FOLATE TRANSPORT AND METABOLISM;0.5107905535980236;1.5750783390927499;0.02727272727272727;0.20749246383456238;0.809;9/18;23.93%;"FPGS;SLCO2B1;MTHFR;SLC46A1;ABCC1;ABCC5;SLC19A1;SHMT1;SLC22A8"
49;prerank;INSULIN SECRETION;0.38641373627035297;1.5728706261318612;0.0110803324099723;0.18945546428874996;0.813;20/57;18.39%;"ATP1B2;ADCY6;MAP4K2;ATP1B3;VAMP2;ATP1A3;CACNA1F;GNA11;RIMS2;SNAP25;PRKACB;PRKCB;ATP1A2;CREB1;STX1A;SLC2A2;KCNMA1;RAB3A;CREB3L2;CAMK2B"
50;prerank;REGULATION OF ACTIN CYTOSKELETON;-0.3531646979952471;-1.5717332274144085;0.0;0.06885812144399532;0.886;71/176;26.70%;"MYH14;IQGAP3;DIAPH3;PSMA7;DIAPH1;NCKAP1;EZR;MYL12A;ACTN4;RHOA;GSN;ARPC3;PIK3R3;PPP1R12A;ARPC5L;MYH9;GNA13;ACTR2;SCIN;CDC42;MYH10;ITGB5;MYL7;ACTR3;PIK3CA;ARHGEF1;ARPC5;HRAS;ARHGEF4;PIK3CB;ARPC1B;IQGAP1;FGF1;PPP1R12C;PPP1CB;MAP2K2;FGF10;MAPK1;ACTG1;PPP1CC;FGFR1;TMSB4X;CYFIP1;PDGFRA;PPP1CA;ACTN1;FGD3;AKT2;VPS72;CHRM3;ROCK1;CYRIA;PIP4K2C;PDGFRB;TIAM1;DOCK1;ITGA4;ARHGEF6;MAP2K1;ITGA11;ITGA6;RRAS2;NRAS;ITGB7;PDGFD;ITGB1;MYH11;ITGA7;SPATA13;SSH3;ITGA5"
51;prerank;BASAL CELL CARCINOMA;0.4075698022107988;1.5647388922662582;0.017857142857142856;0.1846519564214077;0.829;15/46;13.79%;"FZD8;GSK3B;TCF7L2;WNT3A;BAX;TCF7L1;FZD7;DVL1;DVL3;WNT10A;WNT6;FZD10;GLI3;DDB2;FZD4"
52;prerank;CHEMICAL CARCINOGENESIS - REACTIVE OXYGEN SPECIES;-0.34592640471716385;-1.5529536642236044;0.0;0.07899555744908471;0.92;71/174;27.24%;"NDUFB3;ATP5PB;COX6C;SLTM;NDUFS4;UQCRH;NDUFB8;NDUFA11;GSTO1;PIK3R3;HMOX1;UQCRC1;NDUFA3;NDUFS6;NDUFC1;COX7A2;PRKCD;PTGS2;GSTA4;NDUFS8;NDUFB7;NDUFA2;HIF1A;NFE2L2;NDUFB9;PIK3CA;HRAS;NDUFA1;EPHX3;PIK3CB;NDUFS1;VEGFA;AKR1A1;MAPK13;NDUFS5;NDUFB5;MAP2K2;UQCR11;MAPK1;GSTA3;CBR1;GSTA5;GSTA1;PRKD3;MGST3;PRKD2;NFKBIA;CCNI;AKT2;NFKB1;SOD2;UQCRC2;GSTA2;NDUFB2;NDUFB10;NDUFV3;SOD1;MAP2K1;NCF1;NDUFA6;SLC25A5;NRAS;NDUFS2;SDHB;PRKCSH;SDHA;MIA3;NDUFA12;CYBA;NQO1;VDAC1"
53;prerank;PYRUVATE METABOLISM;-0.4609128081524555;-1.5445403300130558;0.024752475247524754;0.08281720173442533;0.928;10/32;17.78%;"LDHA;PKM;ACSS2;HAGH;MDH1;SOAT1;ADH5;AKR1A1;ALDH7A1;ACACA"
54;prerank;LEGIONELLOSIS;-0.43303024677461077;-1.544257629669293;0.014354066985645933;0.08109364422779636;0.928;20/46;25.35%;"HSPA1B;ARF1;APAF1;PYCARD;CASP3;C3;VCP;NDUFA2;CXCL2;BNIP3;SEC22B;NFKBIA;TLR4;NFKB1;TNF;CASP8;IL18;RAB1A;CASP1;CYCS"
55;prerank;ADHERENS JUNCTION;-0.3871853269600465;-1.5319342272494614;0.008;0.08742459949730386;0.947;31/79;21.25%;"SSX2IP;SLTM;MYL12A;ACTN4;RHOA;CTNNB1;FER;YES1;PTPRM;LMO7;CTNNA1;PARD3;CDC42;PTPN6;MYL7;RAP1B;AFDN;IQGAP1;NECTIN4;SORBS1;KRIT1;RAP1A;MAPK1;ACTG1;FGFR1;ACTN1;PDCD10;MAP3K7;ROCK1;HEG1;CCM2"
56;prerank;MATURITY ONSET DIABETES OF THE YOUNG;0.6915008682518073;1.5116033685861934;0.04157549234135667;0.24987829661625954;0.909;4/6;20.45%;"NEUROD1;MAP4K2;SLC2A2;PAX6"
57;prerank;VIBRIO CHOLERAE INFECTION;-0.43747055364441995;-1.4988142557306916;0.028021015761821366;0.11201592964190006;0.981;14/39;14.85%;"TJP2;SEC61G;ARF1;SEC61B;PLCG2;ATP6V1E1;PDIA4;ATP6V1D;SLC12A2;ATP6V0A2;ATP6V1G1;KDELR3;ACTG1;ATP6V1B2"
58;prerank;PLATELET ACTIVATION;-0.373845784674136;-1.4964624199341672;0.0196078431372549;0.11183926800832181;0.981;29/93;17.71%;"PLCB3;PLA2G4A;MYL12A;RHOA;PLCG2;PIK3R3;PPP1R12A;SNAP23;GNA13;ITPR1;GNAI3;STIM1;LYN;RAP1B;PIK3CA;ARHGEF1;PIK3CB;PLCB4;MAPK13;PPP1CB;RAP1A;MAPK1;ACTG1;PPP1CC;VAMP8;ITPR2;ADCY5;PPP1CA;PRKG1"
59;prerank;MANNOSE TYPE O-GLYCAN BIOSYNTHESIS;0.4597688740172999;1.4958120323534185;0.041379310344827586;0.2610247811270892;0.933;9/22;29.52%;"LARGE2;B4GALT1;FKRP;FUT4;POMK;B3GALNT2;B4GALT3;ST3GAL3;CHST10"
60;prerank;GLYCOSAMINOGLYCAN BIOSYNTHESIS - HEPARAN SULFATE / HEPARIN;0.4748721927976912;1.4812678303260205;0.060810810810810814;0.26914385947095176;0.947;9/20;19.87%;"NDST2;NDST1;EXT2;XYLT2;HS3ST3B1;B3GALT6;EXTL2;HS6ST2;EXT1"
61;prerank;ANTIGEN PROCESSING AND PRESENTATION;-0.4532747851554717;-1.4766905607555503;0.04715447154471545;0.1285814748785203;0.99;12/32;17.35%;"HSPA5;HSPA1B;CALR;CTSL;CANX;PDIA3;HSP90AA1;PSME1;NFYA;NFYC;HSP90AB1;LGMN"
62;prerank;AMOEBIASIS;-0.3746509677046577;-1.473250575019066;0.02857142857142857;0.12931541209106898;0.993;28/71;22.08%;"PLCB3;ACTN4;GNA15;RAB5A;PIK3R3;CASP3;GNAL;NDUFA2;RAB7B;PIK3CA;CXCL2;COL4A5;PIK3CB;COL4A3;COL4A6;PRDX1;COL4A2;PLCB4;COL4A1;COL4A4;TINAGL1;ACTN1;TLR4;NFKB1;TNF;COL1A1;COL1A2;LMNB2"
63;prerank;WNT SIGNALING PATHWAY;0.31314123257312093;1.4696927738589927;0.006389776357827476;0.27336769361140945;0.959;51/132;24.83%;"SMAD3;FZD8;CSNK2A2;GSK3B;PORCN;TCF7L2;NFATC1;WNT3A;BTRC;CCND2;CREBBP;CCND3;CCDC88C;CSNK2B;TCF7L1;FZD7;PRKACB;CCND1;SFRP2;DVL1;DVL3;CXXC4;WNT10A;WNT6;FZD10;LGR4;NOTUM;FZD4;PRKCB;LGR6;BAMBI;ZNRF3;PPP3CA;TLE2;TLE6;CAMK2B;DVL2;WNT4;NKD2;PRICKLE2;RNF43;MAPK10;FRZB;PPARD;TBL1XR1;PRICKLE3;MYC;PPP3CB;NFATC3;LRP6;CTBP2"
64;prerank;IL-17 SIGNALING PATHWAY;-0.3807847648096702;-1.4674211038074874;0.026729559748427674;0.13291198426996945;0.997;24/69;20.79%;"HSP90B1;CASP3;FOSB;PTGS2;LCN2;CXCL2;HSP90AA1;TBK1;MAPK13;MAPK4;MAPK1;CCL2;S100A7A;TRADD;HSP90AB1;NFKBIA;MAPK6;MAP3K7;NFKB1;FADD;S100A8;TNF;CASP8;S100A9"
65;prerank;PHOSPHATIDYLINOSITOL SIGNALING SYSTEM;-0.36723527610164425;-1.4669379977183645;0.018633540372670808;0.13077515576783005;0.997;23/83;21.33%;"PLCB3;CALM2;PLCG2;PIK3C3;CALM3;PIK3R3;CALM1;ITPR1;ITPKC;PI4KA;PIK3CA;CHEK2;PIK3CB;PLCB4;DGKZ;MTMR2;INPP5A;ITPR2;CALML3;IMPA1;MTMR9;PIP4K2C;PPIP5K1"
66;prerank;STAPHYLOCOCCUS AUREUS INFECTION;-0.43277383357180654;-1.4658809822708387;0.03571428571428571;0.12956433040445703;0.997;17/36;25.06%;"KRT16;KRT12;PTAFR;C3;KRT14;KRT10;KRT19;MASP1;KRT20;KRT23;CFB;KRT17;DEFB1;MASP2;HNRNPC;KRT13;KRT32"
67;prerank;VIRAL CARCINOGENESIS;-0.3354934576072356;-1.456238102347262;0.007462686567164179;0.13660289669641135;0.999;44/146;21.46%;"CDK1;CCNA2;PSMC1;CDC20;H2BC4;PKM;YWHAE;MAD1L1;ACTN4;RHOA;SNW1;GSN;SCRIB;PIK3R3;CASP3;C3;YWHAQ;HDAC1;SCIN;CDC42;LYN;PIK3CA;HRAS;RANBP1;PIK3CB;MDM2;HDAC2;CDKN2B;MAPK1;HNRNPK;H2BC9;TRADD;NFKBIA;DDB1;DDX3X;ACTN1;CHD4;RBL2;NFKB1;CDKN2A;CASP8;GTF2E2;BAK1;YWHAH"
68;prerank;GLYCOLYSIS / GLUCONEOGENESIS;-0.4099903659953621;-1.4531502995024714;0.050243111831442464;0.13726807098932395;0.999;12/44;12.30%;"TPI1;PGK1;LDHA;PKM;ACSS2;PFKL;GALM;GAPDH;BPGM;ADH5;PFKP;AKR1A1"
69;prerank;ALANINE, ASPARTATE AND GLUTAMATE METABOLISM;0.4448817187603073;1.4497068521978964;0.0593607305936073;0.2960241629511718;0.975;7/24;18.78%;"GPT;GAD1;ASRGL1;RIMKLB;GLUL;NIT2;ASS1"
70;prerank;BIOSYNTHESIS OF UNSATURATED FATTY ACIDS;0.47167210408671384;1.4414293592536003;0.08533916849015317;0.2928517500514768;0.977;6/19;5.44%;"HACD2;TECR;ACOX1;ELOVL4;ACOT2;ELOVL1"
71;prerank;VALINE, LEUCINE AND ISOLEUCINE DEGRADATION;-0.39497446062490504;-1.4402790050006369;0.04964539007092199;0.14875176238006516;0.999;13/44;18.04%;"ACAA2;AACS;HMGCS1;HADHA;ECHS1;HMGCL;ACADM;SOAT1;ACADS;ALDH7A1;MCCC2;BCAT2;HADHB"
72;prerank;UBIQUINONE AND OTHER TERPENOID-QUINONE BIOSYNTHESIS;0.5421210637291082;1.4326685212305272;0.0947136563876652;0.29349189545614945;0.98;3/11;11.63%;"VKORC1;COQ2;COQ7"
73;prerank;BILE SECRETION;0.3893606057602134;1.4326584527577417;0.033734939759036145;0.2780449535900363;0.98;8/37;10.20%;"EPHX1;ATP1B2;SLC9A1;ADCY6;ATP1B3;ATP1A3;AQP4;PRKACB"
74;prerank;PURINE METABOLISM;0.31580363396041294;1.4295468977418055;0.01729106628242075;0.2690147048596354;0.981;34/99;23.28%;"PDE7A;AMPD2;ENTPD6;ADCY6;GUCY2F;PDE6A;PDE6C;PDE6G;PDE6B;PDE4A;PRPS2;PDE6H;IMPDH1;PDE5A;ENTPD5;PFAS;NUDT16;GUCY1A1;PAPSS2;NT5E;APRT;ENTPD3;NME4;PRUNE1;ENTPD2;PDE8B;RRM2B;GART;FHIT;GUK1;ADCY1;PDE1B;ATIC;LACC1"
75;prerank;NON-ALCOHOLIC FATTY LIVER DISEASE;-0.33080709128048874;-1.4239373521195677;0.016566265060240965;0.16498959417623307;1.0;32/132;14.09%;"NDUFB3;COX6C;NDUFS4;UQCRH;NDUFB8;NDUFA11;PIK3R3;UQCRC1;CASP3;NDUFA3;NDUFS6;XBP1;NDUFC1;CDC42;COX7A2;PTGS2;NDUFS8;NDUFB7;NDUFA2;NDUFB9;PIK3CA;FASN;NDUFA1;PIK3CB;NDUFS1;EIF2S1;SOCS3;MAPK13;NDUFS5;NDUFB5;EIF2AK3;UQCR11"
76;prerank;C-TYPE LECTIN RECEPTOR SIGNALING PATHWAY;-0.3560061743709265;-1.3915176416469086;0.04608294930875576;0.20249195809121368;1.0;27/80;20.28%;"CALM2;RHOA;PLCG2;BCL10;PYCARD;CALM3;PIK3R3;CALM1;ITPR1;PRKCD;PTGS2;PIK3CA;HRAS;PIK3CB;MDM2;MAPK13;MAPK1;ITPR2;CALML3;NFKBIA;PLK3;MALT1;AKT2;NFKB1;TNF;CASP8;PPP3R1"
77;prerank;GAP JUNCTION;-0.36108377992063934;-1.3848666469863158;0.06055900621118013;0.20833693564484673;1.0;19/66;17.71%;"TUBA1C;PLCB3;CDK1;TUBB4B;TUBB2A;TUBA1A;TUBB6;ITPR1;GNAI3;TUBB2B;HRAS;PLCB4;MAP2K2;MAPK1;TUBA1B;ITPR2;PDGFRA;ADCY5;PRKG1"
78;prerank;CELL ADHESION MOLECULE (CAM) INTERACTION;0.317654037552122;1.3825762326456619;0.03291139240506329;0.34623002841033484;0.993;25/81;24.79%;"CDH4;PTPRS;SDC4;CD276;NEO1;CLDN5;CADM3;SELENOP;NFASC;ESAM;CNTNAP2;LRRC4;CADM1;NTNG2;PTPRD;VCAN;NECTIN3;PECAM1;CLDN2;CDH5;CLDN12;VTCN1;CNTNAP1;NRXN2;CLDN8"
79;prerank;BREAST CANCER;0.3000678353601793;1.3775279598472014;0.041916167664670656;0.3407203013888586;0.994;31/104;18.90%;"FZD8;JAG2;CLSTN1;GSK3B;ARAF;TCF7L2;WNT3A;CDK6;BAX;IGF1R;TCF7L1;SHC1;FZD7;CCND1;DVL1;DVL3;WNT10A;WNT6;FZD10;PIK3R1;DDB2;E2F3;FZD4;AKT3;ESR1;SOS2;MAPK3;CDK4;KIT;DVL2;WNT4"
80;prerank;CYTOSKELETON IN MUSCLE CELLS;-0.312795817045432;-1.3763278322583445;0.028694404591104734;0.21790512406764992;1.0;55/164;22.62%;"SPTBN2;MYH14;SPTAN1;DIAPH3;DIAPH1;CAPZB;TPM2;FBLN2;TMOD3;LMNA;MYH9;LMNB1;CSRP2;MYH10;ITGB5;COL6A3;MYL7;CAPZA1;TNNI2;TNNT2;COL4A5;TPM3;COL4A3;COL4A6;CAPZA2;ANKRD1;COL5A1;COL5A3;COL4A2;COL4A1;COL4A4;SYNE2;MYOM3;THBS4;ACTG1;COL5A2;FBLN1;JUP;SYNE3;THBS1;SYNE1;DAAM1;THBS2;LBR;TNNI3;ATP1B1;DSC3;COL1A1;COL6A2;VIM;COL1A2;LMNB2;TPM1;SGCE;ITGA4"
81;prerank;DIABETIC CARDIOMYOPATHY;-0.3091891008628959;-1.3685694748101345;0.030346820809248554;0.22506017144353452;1.0;36/157;14.94%;"PLCB3;NDUFB3;ATP5PB;COX6C;NDUFS4;UQCRH;NDUFB8;NDUFA11;PIK3R3;UQCRC1;NDUFA3;PTPRA;NDUFS6;NDUFC1;COX7A2;PRKCD;PTGS2;NDUFS8;NDUFB7;NDUFA2;NDUFB9;CTSD;MTOR;PIK3CA;NDUFA1;GAPDH;PIK3CB;NDUFS1;PLCB4;MAPK13;NDUFS5;PPP1CB;NDUFB5;UQCR11;PPP1CC;ATP2A2"
82;prerank;PANCREATIC SECRETION;-0.36985813974926823;-1.3571296089238893;0.07084019769357495;0.23941904749199305;1.0;21/52;20.41%;"PLCB3;RHOA;RAB8A;ITPR1;RAB11A;SLC4A4;RAB27B;RAP1B;SLC12A2;ATP2B1;PLCB4;RAP1A;RIPK2;ATP2A2;CLCA2;SLC4A2;ITPR2;ADCY5;RAB3D;CHRM3;ATP1B1"
83;prerank;INFLAMMATORY MEDIATOR REGULATION OF TRP CHANNELS;-0.3496505685043554;-1.3507452576631136;0.07836990595611286;0.24655924549751704;1.0;20/71;17.61%;"PLCB3;CALM2;PLA2G4A;PLCG2;CALM3;PIK3R3;CALM1;ITPR1;PRKCD;PIK3CA;PRKCH;PIK3CB;PLCB4;MAPK13;PPP1CB;PPP1CC;ITPR2;CALML3;ADCY5;PPP1CA"
84;prerank;LIPOIC ACID METABOLISM;0.44737126884162176;1.348843946574842;0.11188811188811189;0.3917689876596632;0.998;9/18;29.14%;"DLST;AMT;LIPT2;DLAT;GLDC;BCKDHB;DBT;LIPT1;OGDHL"
85;prerank;LONG-TERM DEPRESSION;-0.37574560088193054;-1.3448850061604858;0.07072368421052631;0.25249136095989383;1.0;14/48;17.71%;"PLCB3;PLA2G4A;PPP2CA;GNA13;ITPR1;GNAI3;LYN;HRAS;PLCB4;MAP2K2;MAPK1;PPP2CB;ITPR2;PRKG1"
86;prerank;RIBOFLAVIN METABOLISM;0.5668238717809668;1.3412244653328353;0.16268980477223427;0.392982801830831;0.998;3/8;21.39%;"FLAD1;ACP2;NDUFAB1"
87;prerank;LEUKOCYTE TRANSENDOTHELIAL MIGRATION;-0.3317409124390099;-1.3378008706863793;0.07453416149068323;0.25957813742138514;1.0;20/89;14.38%;"EZR;MYL12A;ACTN4;RHOA;CTNNB1;PLCG2;PIK3R3;CTNNA1;CDC42;GNAI3;MYL7;RAP1B;OCLN;PIK3CA;PIK3CB;AFDN;MAPK13;CLDN10;RAP1A;ACTG1"
88;prerank;N-GLYCAN BIOSYNTHESIS;0.3481484180627785;1.3331180066483106;0.08095238095238096;0.3957067682535757;0.999;15/46;25.18%;"ALG3;B4GALT1;DPM2;MAN2A2;SRD5A3;ALG9;ALG8;ALG12;GANAB;ALG1;MAN2A1;DAD1;MOGS;DOLK;B4GALT3"
89;prerank;FC GAMMA R-MEDIATED PHAGOCYTOSIS;-0.33421609364683;-1.3282476151483098;0.06487341772151899;0.2721081070519183;1.0;18/83;10.33%;"PLA2G4A;GSN;PLCG2;ARPC3;PIK3R3;ARPC5L;DNM2;MYO10;ACTR2;SCIN;CDC42;PRKCD;LYN;ACTR3;PIK3CA;ARPC5;PIK3CB;ARPC1B"
90;prerank;AFRICAN TRYPANOSOMIASIS;-0.4630501800813002;-1.3237217100701058;0.13786764705882354;0.27582718005932977;1.0;6/17;21.10%;"PLCB3;THOP1;FASN;PLCB4;TNF;IL18"
91;prerank;NEUROACTIVE LIGAND SIGNALING;0.3006795656827475;1.317166492904314;0.0626865671641791;0.4194323599638367;1.0;34/92;22.12%;"SLC6A4;ADCY6;GNB3;GNA11;GNGT1;SLC17A7;ADORA1;ADORA2B;GRM6;GABBR1;PRKACB;SLC6A1;GNB5;P2RY6;ADRA2A;PRKCB;DHX34;SLC1A7;OGFRL1;GNGT2;ADRA2C;ADRB1;GABRB3;SLC17A9;SLC6A9;GNG13;GRIN2D;P2RX4;ADCY1;GNG7;PENK;DRD4;GRIA2;SLC6A13"
92;prerank;BIOSYNTHESIS OF VARIOUS NUCLEOTIDE SUGARS;-0.45558986392221196;-1.315697582975898;0.14519056261343014;0.2855079735924095;1.0;6/18;14.16%;"UGP2;GNE;GMDS;CYB5R4;UAP1;TGDS"
93;prerank;THERMOGENESIS;-0.2954791267385523;-1.314224721273721;0.04366197183098591;0.2835971099998091;1.0;36/175;15.53%;"SMARCE1;NDUFB3;ATP5PB;COX6C;SMARCA4;ACSL1;NDUFS4;UQCRH;NDUFB8;NDUFA11;RPS6;UQCRC1;NDUFA3;NDUFS6;ACSL5;NDUFC1;COX7A2;PTGS2;NDUFS8;NDUFB7;NDUFA2;NDUFB9;COA6;MTOR;HRAS;NDUFA1;NDUFS1;NPPB;SMARCC2;MAPK13;NDUFS5;NDUFB5;UQCR11;ACTG1;COX20;FGFR1"
94;prerank;PROXIMAL TUBULE BICARBONATE RECLAMATION;0.47898401758807935;1.3137923961691687;0.14349775784753363;0.4120457301358756;1.0;4/13;3.64%;"SLC38A3;ATP1B2;ATP1B3;ATP1A3"
95;prerank;INOSITOL PHOSPHATE METABOLISM;-0.33602758390453485;-1.299176789846389;0.09006211180124224;0.3075253146145861;1.0;27/68;32.59%;"PLCB3;TPI1;PLCG2;PIK3C3;ITPKC;PI4KA;PIK3CA;PIK3CB;PLCB4;MTMR2;INPP5A;IMPA1;MTMR9;PIP4K2C;PPIP5K1;PLCD3;MTM1;PLCH2;PLCB1;PI4KB;INPP4A;FIG4;INPPL1;PIP4K2B;SYNJ2;MTMR14;PPIP5K2"
96;prerank;MORPHINE ADDICTION;0.3258595935631774;1.298295625931676;0.07629427792915532;0.4362196997210481;1.0;19/57;23.70%;"PDE7A;ADCY6;PDE4A;GNB3;GNGT1;ADORA1;GABBR1;PRKACB;GNB5;PRKCB;ARRB2;PDE8B;GNGT2;GABRB3;GNG13;ADCY1;GNG7;PDE1B;CACNA1A"
97;prerank;RETROGRADE ENDOCANNABINOID SIGNALING;-0.31399455810920995;-1.294810440429276;0.06842923794712286;0.3119362896131937;1.0;22/100;13.01%;"PLCB3;NDUFB3;NDUFS4;NDUFB8;NDUFA11;NDUFA3;NDUFS6;NDUFC1;ITPR1;GNAI3;PTGS2;NDUFS8;NDUFB7;NDUFA2;NDUFB9;NDUFA1;NDUFS1;GNG5;PLCB4;MAPK13;NDUFS5;NDUFB5"
98;prerank;NOTCH SIGNALING PATHWAY;0.3257659645601059;1.292244921347476;0.09164420485175202;0.4379776374861876;1.0;12/50;10.69%;"JAG2;NUMBL;KAT2A;MAML2;ATXN1;LFNG;RFNG;CREBBP;PSEN2;PSENEN;DVL1;DVL3"
99;prerank;EPITHELIAL CELL SIGNALING IN HELICOBACTER PYLORI INFECTION;-0.3441490994679938;-1.289848342226871;0.09546165884194054;0.31647583289346926;1.0;16/59;14.85%;"SLTM;PLCG2;ATP6V1E1;CASP3;ATP6V1D;CDC42;LYN;ATP6V0A2;CSK;CXCL2;ATP6V1G1;HBEGF;ADAM17;MAPK13;ADAM10;ATP6V1B2"
100;prerank;GABAERGIC SYNAPSE;0.3234037769013872;1.2844046258576562;0.1096938775510204;0.44373697645007326;1.0;22/55;26.44%;"SLC38A3;ADCY6;CACNA1F;SLC12A5;GNB3;GAD1;GNGT1;GABBR1;PRKACB;SLC6A1;GNB5;PRKCB;GLUL;GNGT2;GABRB3;GNG13;ADCY1;GNG7;SLC6A13;CACNA1A;GNAO1;HAP1"
101;prerank;FERROPTOSIS;-0.38597460915001114;-1.2820772754355725;0.13827993254637436;0.3276344900362362;1.0;12/34;20.89%;"ACSL1;FTH1;HMOX1;ACSL5;ATG5;PCBP1;TFRC;GPX4;SLC11A2;MAP1LC3B;SLC38A1;MAP1LC3A"
102;prerank;GLYCEROLIPID METABOLISM;0.3341481483562931;1.281018581218296;0.1196808510638298;0.4383016813138631;1.0;16/43;22.38%;"AGPAT1;AGPAT3;AGK;ABHD16A;GPAM;PLPP5;DGAT1;ALDH2;MGLL;DGKE;GLYCTK;TKFC;PNPLA2;PLPP2;DGKD;AGPAT5"
103;prerank;PPAR SIGNALING PATHWAY;-0.3592643575119468;-1.2776476133947614;0.1266891891891892;0.3317526535952952;1.0;10/45;13.70%;"FABP5;ACSL1;HMGCS1;FABP6;DBI;ACSL5;ACADM;SORBS1;GK;SLC27A4"
104;prerank;KAPOSI SARCOMA-ASSOCIATED HERPESVIRUS INFECTION;-0.2955238055485196;-1.2774369269327046;0.06835066864784546;0.3276737956186841;1.0;45/145;21.69%;"CALM2;CTNNB1;UBA52;PLCG2;PIK3C3;CALM3;PIK3R3;CALM1;CASP3;C3;ATG3;ANGPT2;ITPR1;PTGS2;LYN;BECN1;HIF1A;MTOR;PIK3CA;FASN;HRAS;CXCL2;PIK3CB;VEGFA;GNG5;TBK1;MAPK13;MAP2K2;MAPK1;TRADD;JAK2;ZFP36;ITPR2;CALML3;NFKBIA;MAP1LC3B;AKT2;NFKB1;FADD;CASP8;PPP3R1;MAP1LC3A;BAK1;RPS27A;PREX1"
105;prerank;CARBOHYDRATE DIGESTION AND ABSORPTION;0.3700976237322305;1.2752925674949427;0.12378640776699029;0.4403320184216423;1.0;13/29;17.35%;"G6PC3;CLSTN1;ATP1B2;ATP1B3;ATP1A3;LCT;PIK3R1;AKT3;PRKCB;ATP1A2;SLC2A2;SLC37A4;TAS1R3"
106;prerank;HUMAN IMMUNODEFICIENCY VIRUS 1 INFECTION;-0.28846320604185927;-1.2747064584058394;0.08211143695014662;0.3284904533202877;1.0;43/162;21.22%;"CCNB1;CDK1;CCNB2;CALM2;CALR;CDC25C;PLCG2;CALM3;PIK3R3;CALM1;CASP3;RIPK1;ITPR1;GNAI3;CUL4B;MTOR;PIK3CA;FASN;HRAS;PIK3CB;PDIA3;GNG5;TBK1;MAPK13;MAP2K2;MAPK1;TRADD;ITPR2;CALML3;NFKBIA;DDB1;MAP3K7;ELOB;TLR4;AKT2;NFKB1;VPS72;FADD;TNF;CASP8;PPP3R1;IRAK1;BAK1"
107;prerank;GASTRIC ACID SECRETION;-0.35378623382616003;-1.2702699058076117;0.1390728476821192;0.3334582770199594;1.0;17/47;20.41%;"PLCB3;CALM2;EZR;CALM3;CALM1;ITPR1;GNAI3;PLCB4;SLC26A7;ACTG1;KCNK2;SLC4A2;ITPR2;CALML3;ADCY5;CHRM3;ATP1B1"
108;prerank;TYROSINE METABOLISM;0.39963079151905934;1.2666253741785054;0.14485981308411214;0.44884488912523196;1.0;9/20;19.38%;"COMT;AOC2;TYRP1;DCT;MAOA;ALDH3A1;TYR;FAHD1;AOX1"
109;prerank;GASTRIC CANCER;0.2759547781447626;1.266078200265055;0.0830945558739255;0.4370321919654403;1.0;25/104;13.80%;"SMAD3;FZD8;CLSTN1;GSK3B;FGFR2;ARAF;TCF7L2;WNT3A;TGFB1;BAX;TCF7L1;SHC1;FZD7;CCND1;DVL1;DVL3;WNT10A;WNT6;FZD10;PIK3R1;TGFB3;DDB2;E2F3;FZD4;AKT3"
110;prerank;MITOPHAGY - ANIMAL;-0.30862198467589647;-1.2604719803579858;0.11062590975254731;0.34865798870182957;1.0;36/89;27.68%;"GABARAP;UBA52;RAB5A;USP8;SQSTM1;ATG9A;VCP;BECN1;RAB7B;HIF1A;RABGEF1;TBC1D15;HRAS;EIF2S1;GABARAPL2;CITED2;TAX1BP1;BNIP3;TBK1;EIF2AK3;TOMM7;MTX2;SAMM50;MAP1LC3B;TFEB;MAP1LC3A;NBR1;RPS27A;USP15;UBB;RRAS2;FIS1;NRAS;SMURF2;USP30;MARCHF5"
111;prerank;NEUROACTIVE LIGAND-RECEPTOR INTERACTION;0.27466285327915374;1.2558869704386453;0.06686046511627906;0.4489701299604478;1.0;35/110;22.85%;"TSPO;PGRMC1;LYPD6B;S1PR5;ADRB3;ADORA1;ADORA2B;PTH1R;GRM6;GABBR1;GPR35;LPAR2;P2RY6;ADRA2A;LYPD6;LTB4R2;GPHA2;DHX34;CHRNB3;CHGA;F2R;OGFRL1;LPAR6;ADRA2C;ADRB1;GABRB3;GRIN2D;P2RX4;F2RL3;S1PR1;LEPROT;PENK;DRD4;GRIA2;P2RX7"
112;prerank;PROTEIN DIGESTION AND ABSORPTION;-0.33212067038166265;-1.2518381214139467;0.13782051282051283;0.36247072540919295;1.0;23/60;22.11%;"COL12A1;COL16A1;COL13A1;COL6A3;COL4A5;COL4A3;COL4A6;COL8A1;COL5A1;COL5A3;COL4A2;COL4A1;SLC15A1;COL4A4;COL5A2;SLC8A1;COL8A2;KCNK5;ATP1B1;COL1A1;COL6A2;COL1A2;SLC7A8"
113;prerank;PERTUSSIS;-0.34239854296068767;-1.2507957367373501;0.11884550084889643;0.3599527055877585;1.0;18/56;20.92%;"CALM2;RHOA;PYCARD;CALM3;CALM1;CASP3;C3;GNAI3;NDUFA2;MAPK13;MAPK1;CALML3;TLR4;NFKB1;LY96;VPS72;TNF;IRAK1"
114;prerank;CHAGAS DISEASE;-0.31356073778415894;-1.2403970886296913;0.11746522411128284;0.3771806366334724;1.0;25/82;20.92%;"PLCB3;CALR;PPP2R2A;GNA15;PPP2CA;PIK3R3;C3;GNAL;GNAI3;PIK3CA;FASN;PIK3CB;PLCB4;MAPK13;MAPK1;CCL2;PPP2CB;NFKBIA;TLR4;AKT2;NFKB1;FADD;TNF;CASP8;IRAK1"
115;prerank;AGE-RAGE SIGNALING PATHWAY IN DIABETIC COMPLICATIONS;-0.30679599159505516;-1.2388022008125785;0.11856474258970359;0.3760698234396061;1.0;32/88;23.26%;"PLCB3;DIAPH1;PLCG2;PIK3R3;CASP3;THBD;CDC42;PRKCD;PIK3CA;HRAS;COL4A5;PIK3CB;COL4A3;COL4A6;VEGFA;COL4A2;PLCB4;MAPK13;COL4A1;COL4A4;MAPK1;CCL2;JAK2;AKT2;NFKB1;TNF;AGER;COL1A1;EGR1;COL1A2;SMAD4;PLCD3"
116;prerank;INFLAMMATORY BOWEL DISEASE;0.35986630998364466;1.2368898103749133;0.14425427872860636;0.48566518733735314;1.0;6/29;13.31%;"SMAD3;NFATC1;TGFB1;RELA;TGFB3;TLR2"
117;prerank;STEROID BIOSYNTHESIS;-0.4527703540764184;-1.2368310328227259;0.21708185053380782;0.37546039974222317;1.0;12/15;36.11%;"FDFT1;DHCR24;SOAT1;SH3D19;LBR;CYP2R1;CYP24A1;NSDHL;HSD17B7;MSMO1;SQLE;TM7SF2"
118;prerank;HEDGEHOG SIGNALING PATHWAY;0.32153506801954956;1.236030979570974;0.1386861313868613;0.4747382202506495;1.0;13/45;14.89%;"GSK3B;IQCE;BTRC;SPOPL;CCND2;MGRN1;CSNK1D;PRKACB;CCND1;CDON;GLI3;ARRB2;MEGF8"
119;prerank;AMPHETAMINE ADDICTION;-0.3402689132304805;-1.2334280009527214;0.16429699842022116;0.378157750411582;1.0;16/48;20.28%;"CALM2;CALM3;CALM1;FOSB;HDAC1;SLC6A3;HDAC2;PPP1CB;ARC;PPP1CC;SLC18A2;CALML3;ADCY5;PPP1CA;CACNA1C;PPP3R1"
120;prerank;SYNAPTIC VESICLE CYCLE;0.3039623935301018;1.2294337207302222;0.12436548223350254;0.4799830977689949;1.0;23/58;20.38%;"ATP6V0C;SLC6A4;ATP6V0E2;CPLX3;VAMP2;AP2B1;SLC17A7;SYT1;STXBP1;CPLX4;SNAP25;ATP6V0A1;SLC6A1;ATP6V1F;STX1A;SLC1A7;ATP6V1C2;CPLX2;RAB3A;DNM1;STX1B;TCIRG1;SLC6A9"
121;prerank;MICRORNAS IN CANCER;-0.28327142896415675;-1.228459994042522;0.12244897959183673;0.38477983355609924;1.0;27/139;11.91%;"STMN1;KIF23;CDC25B;SLTM;CDC25C;EZR;RHOA;PLCG2;PIK3R3;HMOX1;ST14;CASP3;CCNG1;CDCA5;RASSF1;ERBB3;HDAC1;PTGS2;RPS6KA5;MCL1;MTOR;PIK3CA;HRAS;PIK3CB;MDM2;VEGFA;HDAC2"
122;prerank;RETINOL METABOLISM;0.3819285587836636;1.2260903864227668;0.20304568527918782;0.4767681763037717;1.0;11/22;25.07%;"DHRS3;RETSAT;RDH12;RDH5;CYP26B1;DGAT1;AOX1;RDH10;LRAT;UGT1A1;RPE65"
123;prerank;FRUCTOSE AND MANNOSE METABOLISM;-0.39291481732689315;-1.2259315966183606;0.21305841924398625;0.3856146369417199;1.0;8/26;21.98%;"TPI1;GMDS;PFKL;SLPI;PFKP;ALDOC;SORD;GFUS"
124;prerank;ATP-DEPENDENT CHROMATIN REMODELING;-0.30124919874517736;-1.2229050835489028;0.13834586466165413;0.38713737007918286;1.0;29/93;22.44%;"SMARCE1;BRD7;SMARCA4;H2AZ1;BAZ1A;MORF4L2;PHF10;RUVBL1;INO80E;HDAC1;H2AX;HDAC2;RBBP7;SMARCC2;MORF4L1;ACTG1;UCHL5;PHF6;DMAP1;CHD4;RBBP4;VPS72;POLE3;MTA3;MCRS1;RUVBL2;SMARCB1;ING3;KAT5"
125;prerank;OTHER TYPES OF O-GLYCAN BIOSYNTHESIS;0.3428854124564481;1.2228820309386197;0.18673218673218672;0.47331218656549184;1.0;8/33;10.80%;"B4GALT1;EOGT;OGT;LFNG;RFNG;POGLUT1;COLGALT1;GALNT15"
126;prerank;LONG-TERM POTENTIATION;-0.34246796410340175;-1.222347078885595;0.15559157212317667;0.3840400919834362;1.0;18/49;20.28%;"PLCB3;CALM2;CALM3;CALM1;ITPR1;RAP1B;HRAS;PLCB4;PPP1CB;MAP2K2;RAP1A;MAPK1;PPP1CC;ITPR2;CALML3;PPP1CA;CACNA1C;PPP3R1"
127;prerank;NEUTROPHIL EXTRACELLULAR TRAP FORMATION;-0.300503477100667;-1.2192769112413497;0.13414634146341464;0.3867586618013502;1.0;39/92;29.05%;"PLCB3;H2BC4;HMGB1;H2AZ1;PLCG2;PIK3R3;C3;HDAC1;MTOR;PIK3CA;PIK3CB;H2AX;HDAC2;PLCB4;MAPK13;MAP2K2;MAPK1;ACTG1;H2BC9;MAP3K7;TLR4;AKT2;NFKB1;CASP4;HAT1;AGER;CLCN5;MAP2K1;CASP1;NCF1;SLC25A5;H2AZ2;MACROH2A1;CYBA;VDAC1;PLCB1;NCF2;H2AC19;CLCN3"
128;prerank;SELENOCOMPOUND METABOLISM;0.43023120647577334;1.2190579481600017;0.18795180722891566;0.4718378464258784;1.0;4/15;16.97%;"PAPSS2;SEPSECS;MARS2;PSTK"
129;prerank;RAP1 SIGNALING PATHWAY;-0.2776486405881649;-1.2184843778524168;0.1134020618556701;0.38397054414153137;1.0;42/161;18.08%;"PLCB3;CALM2;SLTM;RHOA;CTNNB1;CALM3;PIK3R3;CALM1;ANGPT2;PARD3;CDC42;GNAI3;RAP1GAP;RAP1B;PIK3CA;MAGI3;ID1;HRAS;EPHA2;PIK3CB;AFDN;RALB;VEGFA;FGF1;PLCB4;MAPK13;KRIT1;MAP2K2;RAP1A;SIPA1L1;FGF10;MAPK1;ACTG1;FGFR1;THBS1;PARD6G;PRKD3;PRKD2;CALML3;PDGFRA;ADCY5;RASSF3"
130;prerank;CENTRAL CARBON METABOLISM IN CANCER;-0.32854746838073634;-1.2181474585306964;0.16587677725118483;0.38041335233731755;1.0;16/56;17.29%;"LDHA;PKM;SLTM;PIK3R3;PFKL;HIF1A;MTOR;PIK3CA;HRAS;PIK3CB;PFKP;MAP2K2;SLC16A3;MAPK1;FGFR1;PDGFRA"
131;prerank;LYSOSOME;0.2638853869399027;1.217588478680359;0.11214953271028037;0.46378464222884797;1.0;27/114;15.51%;"ABCB9;ATP6V0C;LAPTM4A;IDUA;HEXA;HYAL3;HYAL2;CLN3;NAGLU;GGA2;DMXL2;HGSNAT;AP4M1;SUMF1;MEAK7;SCARB2;ABCA2;PLA2G15;MFSD8;LAPTM4B;GLB1;ATP6V0A1;ACP2;AP3S2;CTSF;GAA;PPT2"
132;prerank;PROPANOATE METABOLISM;-0.36295221280461365;-1.2146466445135664;0.17832167832167833;0.3838930946797373;1.0;12/30;25.90%;"LDHA;ACSS2;HADHA;ECHS1;ACADS;ECHDC1;ACACA;ACACB;MCEE;PCCA;ACOX3;SUCLA2"
133;prerank;INSULIN RESISTANCE;0.2730560538360194;1.2119113281346217;0.1225071225071225;0.467436235783077;1.0;25/92;18.57%;"G6PC3;RPS6KA1;CLSTN1;OGT;GSK3B;CRTC2;PTPN11;SLC27A1;RELA;SREBF1;PIK3R1;GYS1;CPT1A;FOXO1;AKT3;PRKCB;PRKAA2;SLC27A6;CREB1;PRKAB1;SLC2A2;PRKAB2;CREB3L2;PPP1R3D;PYGM"
134;prerank;FLUID SHEAR STRESS AND ATHEROSCLEROSIS;-0.29035431927003763;-1.2118948839839399;0.1419939577039275;0.38597476511406786;1.0;31/119;19.17%;"HSP90B1;CALM2;CTSL;RHOA;GSTO1;CTNNB1;CALM3;PIK3R3;HMOX1;CALM1;SQSTM1;THBD;GSTA4;NFE2L2;PIK3CA;PIK3CB;VEGFA;HSP90AA1;CAV1;MAPK13;ACTG1;CCL2;GSTA3;GSTA5;GSTA1;MGST3;HSP90AB1;CALML3;MAP3K7;AKT2;NFKB1"
135;prerank;OLFACTORY TRANSDUCTION;-0.37680238014074524;-1.2115039171160165;0.18855218855218855;0.38267161563354374;1.0;5/29;4.59%;"GRK2;CALM2;CALM3;CALM1;GNAL"
136;prerank;PROLACTIN SIGNALING PATHWAY;0.30316241056386745;1.2085512159007705;0.14814814814814814;0.4666982311036617;1.0;19/57;18.38%;"CLSTN1;GSK3B;MAP4K2;TNFRSF11A;CCND2;RELA;SHC1;MAPK11;CCND1;PIK3R1;SOCS1;AKT3;CHGA;SLC2A2;ESR1;MAPK12;SOS2;MAPK3;MAPK14"
137;prerank;PROTEOGLYCANS IN CANCER;-0.2724484440781634;-1.2050941188450808;0.11592178770949721;0.39236041434450514;1.0;50/166;21.17%;"EIF4B;SLTM;CTSL;EZR;RHOA;CTNNB1;PLCG2;CTTN;PIK3R3;RPS6;PPP1R12A;CASP3;ERBB3;ITPR1;CDC42;PTPN6;ITGB5;HIF1A;MTOR;PIK3CA;ARHGEF1;FASN;HRAS;PIK3CB;MDM2;IQGAP1;SMOX;VEGFA;HBEGF;CAV1;PPP1R12C;MAPK13;PPP1CB;MAP2K2;MAPK1;ACTG1;HPSE;PPP1CC;FGFR1;THBS1;ITPR2;WNT11;PPP1CA;TLR4;AKT2;TNF;ROCK1;GPC3;PLAU;COL1A1"
138;prerank;GRAFT-VERSUS-HOST DISEASE;-0.6040311313790678;-1.2041733276737676;0.27346938775510204;0.39039273827953536;1.0;3/5;31.41%;"FASN;TNF;IL1B"
139;prerank;YERSINIA INFECTION;-0.28625022323766036;-1.2032113695224862;0.15178571428571427;0.3883933401383904;1.0;37/114;24.45%;"RHOA;ARPC3;PYCARD;PIK3R3;ARPC5L;ACTR2;CDC42;ARHGEF28;ACTR3;PIK3CA;ARHGEF1;ARPC5;PIK3CB;ARPC1B;TBK1;MAPK13;MAP2K2;MAPK1;ACTG1;CCL2;NFKBIA;GIT2;MAP3K7;TLR4;AKT2;NFKB1;ARF6;SKAP2;TNF;ROCK1;IRAK1;IL18;DOCK1;ITGA4;WIPF3;MAP2K1;CASP1"
140;prerank;ARRHYTHMOGENIC RIGHT VENTRICULAR CARDIOMYOPATHY;0.288334914171778;1.2012722573095398;0.15748031496062992;0.47570354000156256;1.0;11/61;8.60%;"DSG2;GJA1;DMD;TCF7L2;CACNA1F;SNTB1;CACNA2D4;ITGA3;CACNG4;ITGB6;TCF7L1"
141;prerank;NICOTINATE AND NICOTINAMIDE METABOLISM;0.33791227180108624;1.1939221964047813;0.1937799043062201;0.4853436873319964;1.0;12/30;29.59%;"NAPRT;SARM1;NT5E;SIRT2;NMNAT3;AOX1;NUDT12;SIRT7;NMNAT2;NMRK1;SIRT4;SIRT6"
142;prerank;CUSHING SYNDROME;0.26121772421818246;1.1876220319939472;0.12745098039215685;0.4926500363096147;1.0;32/112;18.90%;"FZD8;ADCY6;GSK3B;TCF7L2;CACNA1F;WNT3A;GNA11;CDK6;AIPL1;TCF7L1;FZD7;ASH2L;PRKACB;CCND1;DVL1;DVL3;WNT10A;WNT6;WDR5B;KMT2A;FZD10;E2F3;FZD4;CREB1;RBBP5;CREB3L2;PDE8B;MAPK3;CDK4;CAMK2B;DVL2;WNT4"
143;prerank;DRUG METABOLISM - OTHER ENZYMES;-0.3234981483306326;-1.184039476607161;0.189792663476874;0.42504989709731456;1.0;22/49;26.25%;"GSTO1;CDA;RRM1;GSTA4;NME2;XDH;TK1;NME1;RRM2;GSTA3;GSTA5;GSTA1;MGST3;NME7;DPYD;SLC38A1;GSTA2;TPMT;UPP1;ITPA;GUSB;IMPDH2"
144;prerank;GALACTOSE METABOLISM;0.37255872182109206;1.1820664758368282;0.24766355140186916;0.49680576912674923;1.0;7/21;14.83%;"B4GALT1;G6PC3;MAP4K2;GANC;GLB1;LCT;GAA"
145;prerank;RIBOSOME BIOGENESIS IN EUKARYOTES;0.2822276447925804;1.1785803188567652;0.1760204081632653;0.49720425210412417;1.0;18/67;17.17%;"NOP10;CSNK2A2;UTP4;NOL6;SNU13;WDR75;GAR1;RPP40;WDR43;CSNK2B;HEATR1;NAT10;WDR36;RCL1;NXF1;NOB1;NOP56;NOP58"
146;prerank;GLYCINE, SERINE AND THREONINE METABOLISM;0.35076840642766527;1.1758574711800773;0.23094170403587444;0.4946133695996538;1.0;9/26;18.05%;"SRR;AMT;AOC2;MAOA;GLYCTK;GLDC;ALAS2;DMGDH;GAMT"
147;prerank;OXYTOCIN SIGNALING PATHWAY;-0.2811664294440522;-1.1709416998921027;0.1794871794871795;0.45202391568282774;1.0;29/108;20.28%;"PLCB3;CALM2;PLA2G4A;RHOA;CALM3;CAMK1;CALM1;PPP1R12A;MYL6;ITPR1;GNAI3;PTGS2;HRAS;CAMK1D;PLCB4;PPP1R12C;PPP1CB;MAP2K2;MAPK1;ACTG1;MYL6B;PPP1CC;ITPR2;CALML3;ADCY5;PPP1CA;CACNA1C;ROCK1;PPP3R1"
148;prerank;ALCOHOLISM;-0.2837955399171109;-1.1660470228570996;0.1826625386996904;0.4587902763802513;1.0;24/91;17.61%;"H2BC4;CALM2;H2AZ1;CALM3;CALM1;FOSB;HDAC1;GNAI3;NPY;HRAS;SLC6A3;H2AX;GNG5;HDAC2;PPP1CB;SLC29A3;CAMKK1;MAPK1;PPP1CC;H2BC9;SLC18A2;CALML3;ADCY5;PPP1CA"
149;prerank;HIF-1 SIGNALING PATHWAY;-0.288500084745265;-1.1589573103311035;0.20913107511045656;0.47158424550889755;1.0;23/87;20.07%;"PGK1;LDHA;PLCG2;PIK3R3;HMOX1;RPS6;ANGPT2;PFKL;HIF1A;MTOR;PIK3CA;GAPDH;PIK3CB;VEGFA;TFRC;PFKP;MAP2K2;MAPK1;ELOB;TLR4;AKT2;NFKB1;ALDOC"
150;prerank;NOD-LIKE RECEPTOR SIGNALING PATHWAY;-0.2700990333705146;-1.1505731566459223;0.21171171171171171;0.48801508731172005;1.0;34/130;21.10%;"PLCB3;GABARAP;YWHAE;RHOA;PYCARD;RIPK3;SUGT1;RIPK1;ATG5;ITPR1;PRKCD;CXCL2;GABARAPL2;HSP90AA1;PLCB4;TBK1;MAPK13;RIPK2;MAPK1;CCL2;HSP90AB1;ITPR2;NFKBIA;MAP1LC3B;MAP3K7;TLR4;NFKB1;FADD;CASP4;TNF;CASP8;GBP2;MAP1LC3A;IL18"
151;prerank;MELANOGENESIS;0.2740547615421322;1.146469262856328;0.20728291316526612;0.5632688657668874;1.0;26/72;18.90%;"FZD8;ADCY6;GSK3B;TCF7L2;WNT3A;CREBBP;TCF7L1;FZD7;PRKACB;DVL1;DVL3;WNT10A;WNT6;TYRP1;FZD10;DCT;TYR;FZD4;PRKCB;CREB1;CREB3L2;MAPK3;CAMK2B;KIT;DVL2;WNT4"
152;prerank;GNRH SIGNALING PATHWAY;-0.299712325192207;-1.1462592627826418;0.2286634460547504;0.4942784670303839;1.0;18/72;17.53%;"PLCB3;CALM2;PLA2G4A;CALM3;CALM1;ITPR1;CDC42;PRKCD;HRAS;MAP3K4;HBEGF;PLCB4;MAPK13;MAP2K2;MAPK1;ITPR2;CALML3;ADCY5"
153;prerank;AMINO SUGAR AND NUCLEOTIDE SUGAR METABOLISM;-0.3425975214080014;-1.1430223076303647;0.27212020033388984;0.49762214999035687;1.0;7/33;12.01%;"UGP2;GNE;HEXB;GALK2;UAP1;SLPI;PGM3"
154;prerank;CELLULAR SENESCENCE;-0.264947454139933;-1.1359595399930325;0.2171945701357466;0.5102410560599443;1.0;38/133;20.28%;"CCNB1;CDK1;CCNA2;CCNB2;CALM2;CAPN2;FOXM1;CALM3;PIK3R3;CALM1;SQSTM1;ITPR1;CAPN1;MTOR;PIK3CA;LIN9;HRAS;CHEK2;PIK3CB;MDM2;LIN54;CDKN2B;MAPK13;PPP1CB;MAP2K2;MAPK1;PPP1CC;IGFBP3;ITPR2;CALML3;PPP1CA;RASSF3;RBBP4;RBL2;AKT2;NFKB1;CDKN2A;PPP3R1"
155;prerank;TUBERCULOSIS;-0.268714512019304;-1.1332840191252704;0.21565731166912852;0.5121533436058783;1.0;34/120;21.10%;"LAMP1;CALM2;APAF1;RHOA;BCL10;RAB5A;PIK3C3;CALM3;CALM1;CASP3;C3;NDUFA2;CTSD;ATP6V0A2;MAPK13;RIPK2;MAPK1;IL10RB;NFYA;TRADD;JAK2;NFYC;CALML3;PLK3;MALT1;TLR4;AKT2;NFKB1;FADD;TNF;CASP8;PPP3R1;IRAK1;IL18"
156;prerank;HUMAN CYTOMEGALOVIRUS INFECTION;-0.25689999578376554;-1.1309854709585336;0.20845481049562684;0.5130511273031747;1.0;46/170;20.52%;"PLCB3;CALM2;CALR;RHOA;CTNNB1;CALM3;PIK3R3;CALM1;CASP3;RIPK1;GNA13;ITPR1;GNAI3;PTGS2;MTOR;PIK3CA;ARHGEF1;FASN;HRAS;PIK3CB;PDIA3;MDM2;VEGFA;GNG5;PLCB4;TBK1;MAPK13;MAP2K2;MAPK1;IL10RB;CCL2;TRADD;ITPR2;CALML3;PDGFRA;NFKBIA;ADCY5;AKT2;NFKB1;CDKN2A;FADD;TNF;ROCK1;CASP8;PPP3R1;AKAP13"
157;prerank;TH1 AND TH2 CELL DIFFERENTIATION;0.28485985251122964;1.1285128508817879;0.2549019607843137;0.6079373787795661;1.0;16/53;24.89%;"JAG2;MAML2;NFATC1;RELA;MAPK11;SPNS1;PPP3CA;MAPK12;MAPK3;MAPK14;MAML3;MAPK10;NFKBIB;PPP3CB;NFATC3;RBPJ"
158;prerank;MRNA SURVEILLANCE PATHWAY;-0.27753937964908937;-1.119559346764083;0.2607361963190184;0.5377913007490412;1.0;20/82;17.61%;"SSU72;CPSF2;UPF3A;PPP2R2A;COLEC12;PPP2CA;ALYREF;WDR33;PPP2R5A;GLE1;PNN;FIP1L1;UPF2;PPP1CB;DAZAP1;PPP1CC;ETF1;PABPC1;PPP2CB;PPP1CA"
159;prerank;P53 SIGNALING PATHWAY;-0.29509725726630376;-1.1176069350331825;0.2764612954186414;0.537788711863326;1.0;20/65;21.55%;"CCNB1;CDK1;CCNB2;APAF1;CASP3;CCNG1;FASN;CHEK2;PPM1D;MDM2;GTSE1;RRM2;THBS1;SERPINB5;IGFBP3;BBC3;CDKN2A;CASP8;GADD45B;CCNG2"
160;prerank;VIRAL LIFE CYCLE - HIV-1;-0.3051904056206612;-1.1169163364594281;0.2776831345826235;0.5347670072086622;1.0;8/49;7.97%;"NELFE;CHMP4B;CHMP6;RAN;ELL2;BICD2;TSG101;VPS4A"
161;prerank;VASOPRESSIN-REGULATED WATER REABSORPTION;-0.32980609972213654;-1.1164211570630804;0.28289473684210525;0.5313288206710665;1.0;7/35;7.64%;"DYNC1I2;DCTN2;DCTN1;RAB5A;DYNC1H1;RAB11A;DYNC1LI1"
162;prerank;VIRION - HEPATITIS VIRUSES;-0.33738907653531547;-1.1124775088364112;0.2939189189189189;0.5366761767106096;1.0;6/32;12.91%;"LAMP1;CHMP4B;TSG101;VPS4A;OCLN;CLDN10"
163;prerank;VEGF SIGNALING PATHWAY;-0.307953431881021;-1.1106171185135414;0.2944078947368421;0.5362829604551818;1.0;12/49;14.31%;"PLA2G4A;PLCG2;PIK3R3;CDC42;PTGS2;PIK3CA;HRAS;PIK3CB;VEGFA;MAPK13;MAP2K2;MAPK1"
164;prerank;FATTY ACID BIOSYNTHESIS;-0.41293679307557524;-1.1072120912866568;0.32892249527410206;0.5399562598650397;1.0;5/14;21.37%;"ACSL1;ACSL5;FASN;ACACA;ACACB"
165;prerank;VIRION - EBOLAVIRUS, LYSSAVIRUS AND MORBILLIVIRUS;0.5248300938452115;1.106703035000674;0.37037037037037035;0.6677699551632924;1.0;3/6;22.01%;"NGFR;CD46;NPC1"
166;prerank;STARCH AND SUCROSE METABOLISM;0.362339898048442;1.103038631468636;0.3190045248868778;0.6673652626918528;1.0;7/20;20.39%;"G6PC3;MAP4K2;GANC;GYS1;GAA;PYGM;PGM2L1"
167;prerank;HERPES SIMPLEX VIRUS 1 INFECTION;-0.26101439463665965;-1.1026018259416321;0.2544642857142857;0.5468280107240305;1.0;33/125;21.22%;"CALR;APAF1;EIF2B5;PIK3R3;CASP3;C3;ALYREF;MTOR;PIK3CA;FASN;PIK3CB;EIF2S1;PDIA3;TBK1;SOCS3;PPP1CB;EIF2AK3;CCL2;PPP1CC;TRADD;JAK2;NFKBIA;PPP1CA;MAP3K7;AKT2;EIF2B2;NFKB1;EIF2B1;FADD;TNF;CASP8;IRAK1;BAK1"
168;prerank;NICOTINE ADDICTION;0.4052868408132234;1.1005536224935433;0.3225058004640371;0.6635416000781149;1.0;9/12;37.75%;"SLC17A7;GABRB3;GRIN2D;GRIA2;CACNA1A;CHRNB2;CHRNA6;GRIA1;GRIA3"
169;prerank;INTESTINAL IMMUNE NETWORK FOR IGA PRODUCTION;0.37669493699125894;1.095359585247507;0.35044642857142855;0.6689311959165065;1.0;7/15;29.66%;"TGFB1;CXCL12;PIGR;IL15;IL15RA;CCR9;LTBR"
170;prerank;SALIVARY SECRETION;0.2742435389824342;1.0949003555655694;0.2849462365591398;0.6587640467259654;1.0;16/54;15.65%;"ATP1B2;SLC9A1;ADCY6;ATP1B3;VAMP2;ATP1A3;ADRB3;GUCY1A1;TRPV6;PRKACB;BEST2;RYR3;PRKCB;ATP1A2;KCNMA1;ATP2B4"
171;prerank;HIPPO SIGNALING PATHWAY - MULTIPLE SPECIES;-0.34698463719864747;-1.0944646485919545;0.34210526315789475;0.5630583570797919;1.0;8/26;17.70%;"WWC1;RASSF1;STK24;WWTR1;LATS2;MOB1B;TEAD2;DCHS1"
172;prerank;GLYCEROPHOSPHOLIPID METABOLISM;0.2507493083843679;1.0940774456493867;0.2891566265060241;0.6502118185110113;1.0;23/82;22.68%;"AGPAT1;ETNK1;LPCAT4;PISD;MBOAT7;AGPAT3;PLA2G12A;GPAM;GPCPD1;PLPP5;LPCAT2;PLA2G15;DGKE;ETNK2;CHKA;PLD2;GPD1L;CDS2;PLPP2;LPCAT1;DGKD;AGPAT5;CHKB"
173;prerank;NON-HOMOLOGOUS END-JOINING;-0.4337735659195068;-1.0918627565117471;0.3762183235867446;0.5645145200593736;1.0;5/11;20.34%;"XRCC4;NHEJ1;XRCC6;FEN1;DCLRE1C"
174;prerank;FOLATE BIOSYNTHESIS;0.3658645926859867;1.0897179814293192;0.3219178082191781;0.653425041651567;1.0;3/16;6.26%;"FPGS;PCBD2;MOCS1"
175;prerank;CYTOSOLIC DNA-SENSING PATHWAY;-0.29898766444753;-1.0890012013923889;0.3333333333333333;0.5672413494340517;1.0;19/55;24.45%;"DDX41;PYCARD;RIPK3;CASP3;POLR2E;RIPK1;MLKL;PCBP1;POLR3D;IL33;TBK1;NFKBIA;NFKB1;FADD;CASP8;IL18;POLR2L;STING1;CASP1"
176;prerank;THYROID HORMONE SYNTHESIS;-0.298577387151433;-1.0878362116219797;0.3235772357723577;0.5654343868627902;1.0;6/51;6.06%;"HSP90B1;PLCB3;HSPA5;PDIA4;CANX;ITPR1"
177;prerank;CHEMOKINE SIGNALING PATHWAY;-0.253205711761856;-1.0864089895857247;0.30600292825768666;0.5643533465073103;1.0;43/129;28.46%;"PLCB3;GRK2;RHOA;PLCG2;PPBP;PIK3R3;PARD3;CDC42;PRKCD;GNAI3;LYN;CXCL16;RAP1B;PIK3CA;HRAS;CXCL2;PIK3CB;GNG5;PLCB4;CCR2;RAP1A;MAPK1;CCL2;JAK2;NFKBIA;ADCY5;AKT2;NFKB1;ROCK1;PREX1;TIAM1;PF4;MAP2K1;CCL7;NCF1;NRAS;GRK5;CCL8;GNG12;ADCY7;CCR5;PLCB1;CRKL"
178;prerank;APELIN SIGNALING PATHWAY;-0.26231741673380105;-1.0847668759829603;0.31176470588235294;0.5638637357881714;1.0;30/103;22.87%;"PLCB3;CALM2;PIK3C3;CALM3;CALM1;RPS6;NRF1;GNA13;ITPR1;GNAI3;BECN1;MTOR;HRAS;CXXC1;GNG5;PLCB4;MAP2K2;MAPK1;SLC8A1;ITPR2;CALML3;MAP1LC3B;ADCY5;AKT2;MAP1LC3A;TFAM;EGR1;KLF2;PDE3B;SMAD4"
179;prerank;SMALL CELL LUNG CANCER;-0.266380155280567;-1.080034654636599;0.3055555555555556;0.5710387039596856;1.0;29/86;25.81%;"CKS2;CKS1B;APAF1;PIK3R3;CASP3;PTGS2;PIK3CA;COL4A5;PIK3CB;COL4A3;ZBTB17;COL4A6;CDKN2B;COL4A2;COL4A1;MAX;COL4A4;NFKBIA;AKT2;NFKB1;BAK1;GADD45B;POLK;LMNB2;RB1;ITGA6;UXT;CYCS;ITGB1"
180;prerank;SPHINGOLIPID SIGNALING PATHWAY;-0.2593778613377156;-1.078847414857222;0.3287671232876712;0.5695541273863808;1.0;28/105;20.14%;"PLCB3;PPP2R2A;RHOA;ASAH1;PPP2CA;PIK3R3;GNA13;GNAI3;CTSD;SPTLC2;PIK3CA;PPP2R5A;HRAS;CERS3;PIK3CB;PLCB4;MAPK13;MAP2K2;SGMS2;SMPD1;MAPK1;TRADD;PPP2CB;ORMDL2;AKT2;NFKB1;TNF;ROCK1"
181;prerank;TOLL-LIKE RECEPTOR SIGNALING PATHWAY;-0.2779524347855129;-1.078524529689237;0.3208137715179969;0.5658559837443501;1.0;21/74;20.92%;"PIK3R3;RIPK1;NDUFA2;PIK3CA;CXXC1;PIK3CB;TBK1;MAPK13;MAP2K2;MAPK1;IRF5;NFKBIA;MAP3K7;TLR4;AKT2;NFKB1;LY96;FADD;TNF;CASP8;IRAK1"
182;prerank;MINERAL ABSORPTION;0.29738642543351596;1.077445006795682;0.34134615384615385;0.6836368834661123;1.0;14/34;27.32%;"ATP1B2;ATP1B3;ATP1A3;TRPV6;SLC39A4;SLC46A1;CLCN2;ATP1A2;ATP2B4;VDR;SLC31A1;ATOX1;STEAP2;HEPH"
183;prerank;APOPTOSIS - MULTIPLE SPECIES;0.3092259229850328;1.075065355195008;0.3401826484018265;0.6801860557500938;1.0;5/30;6.65%;"BCL2L11;NGFR;HTRA2;CASP9;BAX"
184;prerank;PATHWAYS IN CANCER;-0.21878584124408598;-1.0741608488853212;0.26823238566131025;0.5727930439712197;1.0;77/403;17.53%;"HSP90B1;CKS2;PLCB3;CCNA2;BIRC5;CALM2;SLTM;CKS1B;APAF1;RHOA;GSTO1;CTNNB1;PLCG2;CALM3;PIK3R3;HMOX1;CALM1;TPR;CASP3;CTNNA1;RASSF1;DAPK3;HDAC1;GNA13;CDC42;GNAI3;PTGS2;GSTA4;RPS6KA5;HIF1A;NFE2L2;MTOR;PIK3CA;ARHGEF1;FASN;CTBP1;HRAS;COL4A5;PIK3CB;AREG;TPM3;COL4A3;ZBTB17;COL4A6;RALB;MDM2;SMOX;VEGFA;HSP90AA1;GNG5;RAD51;FGF1;HDAC2;CDKN2B;COL4A2;PLCB4;EDNRB;COL4A1;MAX;MAP2K2;COL4A4;FGF10;MAPK1;JUP;GSTA3;GSTA5;FGFR1;CSF3R;GSTA1;JAK2;MGST3;HSP90AB1;WNT11;CALML3;PDGFRA;NFKBIA;ADCY5"
185;prerank;HIPPO SIGNALING PATHWAY;0.22836838217697264;1.0739279516905822;0.2898089171974522;0.6729904235078342;1.0;39/128;20.17%;"SMAD3;FZD8;TRIM26;WTIP;GSK3B;TCF7L2;WNT3A;BTRC;TGFB1;PRKCI;CCND2;CCND3;CSNK1D;TCF7L1;YWHAB;YWHAG;FZD7;LATS1;CCND1;DVL1;MPP2;DVL3;WNT10A;WNT6;FZD10;CRB1;TGFB3;FZD4;PPP2R2C;TEAD1;PPP2R1A;LLGL1;BMPR2;NF2;DVL2;WNT4;TGFBR1;SNAI2;NKD2"
186;prerank;VARIOUS TYPES OF N-GLYCAN BIOSYNTHESIS;0.3015776127241872;1.0731422485638078;0.323943661971831;0.6645243927433506;1.0;4/35;2.58%;"ALG3;B4GALT1;MAN2A2;HEXA"
187;prerank;GNRH SECRETION;-0.3064587610444102;-1.07307862513128;0.34797297297297297;0.5709710565556689;1.0;14/42;19.02%;"PLCB3;PIK3R3;ITPR1;HCN2;PIK3CA;HRAS;CXXC1;PIK3CB;PLCB4;MAP2K2;MAPK1;ITPR2;CACNA1C;AKT2"
188;prerank;FAT DIGESTION AND ABSORPTION;0.33595902740619105;1.0690605409845653;0.3581081081081081;0.6674983869472154;1.0;4/21;9.39%;"AGPAT1;PLA2G12A;SLC27A1;DGAT1"
189;prerank;FOCAL ADHESION;-0.23930374244202995;-1.0684347612409455;0.3132183908045977;0.5783035158490855;1.0;56/170;26.23%;"DIAPH1;CAPN2;SLTM;MYL12A;ACTN4;RHOA;CTNNB1;PIK3R3;PPP1R12A;CDC42;ITGB5;COL6A3;MYL7;RAP1B;PIK3CA;HRAS;CXXC1;COL4A5;PIK3CB;COL4A3;COL4A6;VEGFA;COL4A2;CAV1;PPP1R12C;COL4A1;PPP1CB;RAP1A;COL4A4;THBS4;MAPK1;ACTG1;PPP1CC;FLNB;THBS1;PDGFRA;PPP1CA;ACTN1;AKT2;THBS2;ROCK1;COL1A1;COL6A2;PDGFRB;COL1A2;LMNB2;DOCK1;ITGA4;MAP2K1;ITGA11;ITGA6;ITGB7;PDGFD;ITGB1;ITGA7;COL6A1"
190;prerank;PENTOSE AND GLUCURONATE INTERCONVERSIONS;-0.3978419271720905;-1.0605653824566015;0.39892665474060823;0.5939852545409015;1.0;4/14;12.30%;"UGP2;FGGY;RPE;AKR1A1"
191;prerank;TRYPTOPHAN METABOLISM;-0.33631358999209177;-1.0535040194911072;0.3804347826086957;0.6067496777789799;1.0;6/24;15.09%;"HADHA;ECHS1;DHTKD1;SOAT1;HAAO;ALDH7A1"
192;prerank;ALCOHOLIC LIVER DISEASE;-0.25306745885760346;-1.050719038300493;0.3505917159763314;0.6092201266764545;1.0;30/105;21.37%;"CTNNB1;ACADVL;CASP3;C3;RIPK1;TRA2B;NDUFA2;ACADM;FASN;CXCL2;TRA2A;LPIN3;ADH5;TBK1;MAPK13;ALDH7A1;TRADD;NFKBIA;ACACA;MAP3K7;TLR4;AKT2;ADIPOR2;NFKB1;LY96;FADD;TNF;CASP8;IRAK1;ACACB"
193;prerank;EFFEROCYTOSIS;0.22491525179357577;1.0474942918875216;0.3221884498480243;0.7279639603440149;1.0;51/128;29.19%;"ATP8A1;TGFBRAP1;CX3CL1;MFGE8;NFATC1;TGFB1;ATP8A2;PTPN11;DUSP8;MERTK;TMEM30B;GAS6;RAB5C;MAPK11;C1QB;GULP1;PLA2G15;SIRPA;CPT1A;P2RY6;ALOX15;CASP7;MAPKAPK2;CREB1;SLC16A1;DNMT3A;TMEM30A;MAPK12;MAPK3;MAPK14;CAMK2B;PECAM1;DUSP7;DUSP4;AXL;S1PR1;XKR6;STAB1;PPARD;ANO4;NFATC3;CX3CR1;XKR8;C1QA;CAMK2G;C1QC;PBX1;SLC2A1;SCARF1;SPHK2;ELMO1"
194;prerank;GLIOMA;-0.2721465156146037;-1.0436793754890163;0.38311688311688313;0.622760274436059;1.0;25/63;24.25%;"CALM2;PLCG2;CALM3;PIK3R3;CAMK1;CALM1;MTOR;PIK3CA;HRAS;PIK3CB;MDM2;CAMK1D;MAP2K2;MAPK1;CALML3;PDGFRA;AKT2;CDKN2A;BAK1;GADD45B;PDGFRB;POLK;TGFA;RB1;MAP2K1"
195;prerank;ARGININE BIOSYNTHESIS;0.38841530628436327;1.0403003309514194;0.39072847682119205;0.7422302428986457;1.0;3/12;18.78%;"GPT;GLUL;ASS1"
196;prerank;ADRENERGIC SIGNALING IN CARDIOMYOCYTES;-0.25009823535515774;-1.0332355789150998;0.4063926940639269;0.6459671275311191;1.0;29/104;20.41%;"PLCB3;CALM2;TPM2;PPP2R2A;PPP2CA;CALM3;CALM1;GNAI3;RPS6KA5;PPP2R5A;ATP2B1;TNNT2;TPM3;PLCB4;MAPK13;PPP1CB;MAPK1;PPP1CC;ATP2A2;KCNK2;SLC8A1;PPP2CB;CALML3;ADCY5;PPP1CA;CACNA1C;AKT2;TNNI3;ATP1B1"
197;prerank;INFLUENZA A;-0.24803063308607073;-1.0323025478779042;0.4017991004497751;0.6436118631502169;1.0;37/108;25.58%;"FDPS;APAF1;PYCARD;PIK3R3;CASP3;DNAJC3;RAB11A;HNRNPUL1;PIK3CA;FASN;PIK3CB;EIF2S1;IL33;TBK1;SOCS3;MAP2K2;MAPK1;ACTG1;CCL2;TMPRSS4;TRADD;JAK2;NFKBIA;TLR4;AKT2;NFKB1;FADD;TNF;CASP8;IL18;BAK1;MAP2K1;CASP1;SLC25A5;RAB43;CYCS;TRIM25"
198;prerank;CAMP SIGNALING PATHWAY;0.21673168144760213;1.031549654093146;0.3993808049535604;0.761033373311016;1.0;40/138;21.94%;"CLSTN1;ATP1B2;SLC9A1;ADCY6;ATP1B3;ATP1A3;CACNA1F;NFATC1;ACOX1;CNGB1;CNGA1;FXYD1;PDE4A;ADORA1;CREBBP;RELA;GABBR1;PRKACB;PIK3R1;CNGA3;GLI3;AKT3;GPHA2;PLD2;ATP1A2;CREB1;POPDC3;CHGA;ATP2B4;CREB3L2;F2R;MAPK3;CAMK2B;ADRB1;GRIN2D;ADCY1;MAPK10;PKN1;CREB5;GRIA2"
199;prerank;CHRONIC MYELOID LEUKEMIA;0.2427651616537973;1.0312707011632798;0.38419618528610355;0.750668970887096;1.0;19/70;19.12%;"SMAD3;CLSTN1;ARAF;TGFB1;CDK6;PTPN11;BAX;RELA;SHC1;CCND1;PIK3R1;TGFB3;DDB2;E2F3;AKT3;SOS2;MAPK3;CDK4;TGFBR1"
200;prerank;TYPE II DIABETES MELLITUS;-0.3082861861054812;-1.0310414163662414;0.4134453781512605;0.641921851296193;1.0;11/35;19.98%;"PKM;PIK3R3;PRKCD;MTOR;PIK3CA;PIK3CB;SOCS3;MAPK1;CACNA1C;SOCS2;TNF"
201;prerank;RENIN SECRETION;-0.27898037744690274;-1.0273683197956487;0.4056291390728477;0.6468879571622618;1.0;14/54;20.28%;"PLCB3;CALM2;CALM3;CALM1;ITPR1;GNAI3;MINDY4;PLCB4;CLCA2;ITPR2;CALML3;ADCY5;CACNA1C;PPP3R1"
202;prerank;PANCREATIC CANCER;0.23677479575104288;1.0263640337265858;0.3918918918918919;0.7564009484520797;1.0;19/73;19.15%;"SMAD3;CLSTN1;ARAF;CASP9;TGFB1;CDK6;BAX;RELA;CCND1;PIK3R1;TGFB3;DDB2;E2F3;AKT3;PLD2;MAPK3;CDK4;TGFBR1;RALGDS"
203;prerank;T CELL RECEPTOR SIGNALING PATHWAY;-0.25483217060007635;-1.0255806767621762;0.40930232558139534;0.6469198754183254;1.0;24/90;20.28%;"PPP2R2A;RHOA;BCL10;PPP2CA;PIK3R3;NCK1;CDC42;PTPN6;PIK3CA;PPP2R5A;HRAS;PIK3CB;MAPK13;MAP2K2;MAPK1;PPP2CB;GRAP2;NFKBIA;MALT1;MAP3K7;AKT2;NFKB1;TNF;PPP3R1"
204;prerank;VITAMIN B6 METABOLISM;0.47091878886129007;1.0240471713315922;0.44129554655870445;0.7540189713773512;1.0;1/6;0.76%;PNPO
205;prerank;HUMAN T-CELL LEUKEMIA VIRUS 1 INFECTION;-0.22949413873666247;-1.0188263416019288;0.4206008583690987;0.6593801458171173;1.0;21/173;10.07%;"CCNA2;BUB3;FDPS;CDC20;BUB1B;CCNB2;CALR;ESPL1;ANAPC13;MAD1L1;MAD2L1;PIK3R3;NRP1;RAN;CANX;PIK3CA;CDKN2C;HRAS;CHEK2;RANBP1;PIK3CB"
206;prerank;PANTOTHENATE AND COA BIOSYNTHESIS;0.32975803201711495;1.0186771748109313;0.39655172413793105;0.7614947798417623;1.0;5/18;21.33%;"CSAD;BCAT1;ALDH2;AASDHPPT;PPCDC"
207;prerank;RNA DEGRADATION;0.2420613849607504;1.0152558258373;0.4151898734177215;0.7622473957193034;1.0;14/67;15.95%;"ZCCHC7;PAN3;TOB2;EXOSC5;NUDT16;PARN;ENO2;EXOSC1;CNOT7;DCP1B;DCP1A;CNOT4;PATL1;TENT4B"
208;prerank;ARACHIDONIC ACID METABOLISM;-0.3009763135733146;-1.0120050348924061;0.42033898305084744;0.6730633836850101;1.0;10/35;20.44%;"PLA2G4A;PTGS2;PTGR1;ALOX12B;PTGIS;GPX4;CBR1;PTGES2;PLAAT3;CBR3"
209;prerank;THYROID HORMONE SIGNALING PATHWAY;0.22442972326635938;1.0069932143949123;0.45151515151515154;0.779836329457702;1.0;27/97;18.90%;"MED30;CLSTN1;KAT2A;ATP1B2;SLC9A1;GSK3B;ATP1B3;ATP1A3;CASP9;CREBBP;HDAC3;PRKACB;CCND1;RHEB;PIK3R1;MBD4;FOXO1;AKT3;PRKCB;ATP1A2;MED13;MED12L;SLC16A10;ESR1;MAPK3;MED12;WNT4"
210;prerank;FANCONI ANEMIA PATHWAY;0.2561146505199308;1.006422795890224;0.43832020997375326;0.7713342220308291;1.0;9/47;12.65%;"EME2;ATRIP;FANCE;POLI;POLR1A;REV3L;POLR1B;RMI1;FAAP100"
211;prerank;ALDOSTERONE SYNTHESIS AND SECRETION;-0.2635951977712078;-1.0063484779539615;0.434715821812596;0.6827978287900273;1.0;16/62;18.96%;"PLCB3;CALM2;CALM3;CAMK1;CALM1;ITPR1;NR4A2;ATP2B1;CAMK1D;PLCB4;PRKD3;PRKD2;ITPR2;CALML3;ADCY5;CACNA1C"
212;prerank;LONGEVITY REGULATING PATHWAY;0.23539078750573408;0.9999952158228136;0.4648648648648649;0.7826807713805157;1.0;17/73;16.65%;"CLSTN1;ADCY6;AKT1S1;BAX;IGF1R;RELA;PRKACB;RHEB;ULK1;PIK3R1;FOXO1;AKT3;PRKAA2;CREB1;PRKAB1;PRKAB2;CREB3L2"
213;prerank;B CELL RECEPTOR SIGNALING PATHWAY;-0.26574086878084663;-0.9985364796281919;0.45297805642633227;0.699114603710447;1.0;16/58;20.28%;"PLCG2;BCL10;PIK3R3;IFITM1;PTPN6;LYN;PIK3CA;HRAS;PIK3CB;MAP2K2;MAPK1;NFKBIA;MALT1;AKT2;NFKB1;PPP3R1"
214;prerank;GLYCOSAMINOGLYCAN BIOSYNTHESIS - CHONDROITIN SULFATE / DERMATAN SULFATE;0.3296311437264228;0.9978468011919187;0.4746136865342163;0.7795330494333319;1.0;4/18;16.09%;"CHSY1;CHPF2;XYLT2;B3GALT6"
215;prerank;ETHER LIPID METABOLISM;0.2732291066718247;0.9977360524108655;0.47306791569086654;0.769826713047255;1.0;10/36;20.04%;"TMEM86A;LPCAT4;PAFAH2;PLA2G12A;LPCAT2;PLA2G7;PLD2;GDPD3;PLPP2;LPCAT1"
216;prerank;BLADDER CANCER;-0.29792865827994686;-0.9968802351768504;0.46875;0.6985515173955672;1.0;10/35;15.68%;"RASSF1;DAPK3;RPS6KA5;HRAS;MDM2;VEGFA;HBEGF;MAP2K2;MAPK1;THBS1"
217;prerank;FC EPSILON RI SIGNALING PATHWAY;-0.27383582010267715;-0.9964354616107234;0.4567307692307692;0.6947854507092582;1.0;10/52;14.31%;"PLA2G4A;PLCG2;PIK3R3;LYN;PIK3CA;HRAS;PIK3CB;MAPK13;MAP2K2;MAPK1"
218;prerank;VIRION - HERPESVIRUS;-0.46970666795889005;-0.99547336185901;0.4789272030651341;0.6923365327083653;1.0;4/6;38.54%;"IGF2R;ITGA5;TNFRSF14;NECTIN2"
219;prerank;PHENYLALANINE METABOLISM;0.3998135988309015;0.9907196490841491;0.48123620309050774;0.7831773727008363;1.0;3/9;13.69%;"AOC2;MAOA;ALDH3A1"
220;prerank;CALCIUM SIGNALING PATHWAY;-0.22752293627484244;-0.9904201358697508;0.46629213483146065;0.7009124129550119;1.0;35/147;20.28%;"PLCB3;CALM2;SLTM;GNA15;PLCG2;CALM3;PTAFR;CAMK1;CALM1;GNAL;ERBB3;ITPR1;ITPKC;STIM1;TPCN1;ATP2B1;CAMK1D;VEGFA;FGF1;PLCB4;EDNRB;FGF10;ATP2A2;SLC8A1;FGFR1;ITPR2;CALML3;PDGFRA;TACR3;TFEB;CACNA1C;CHRM3;NTRK2;TNNI3;PPP3R1"
221;prerank;HEPATITIS C;-0.23475321440503502;-0.9894970745578534;0.46781789638932497;0.6985034362402217;1.0;32/120;21.46%;"YWHAE;APAF1;PPP2R2A;CTNNB1;PPP2CA;PIK3R3;CASP3;RIPK1;YWHAQ;OCLN;PIK3CA;FASN;HRAS;PIK3CB;EIF2S1;TBK1;SOCS3;CLDN10;MAP2K2;EIF2AK3;MAPK1;TRADD;PPP2CB;NFKBIA;AKT2;NFKB1;FADD;TNF;CASP8;BAK1;PIAS1;YWHAH"
222;prerank;DOPAMINERGIC SYNAPSE;-0.2383199186257734;-0.9828463838332049;0.4879518072289157;0.710591087819137;1.0;24/99;19.02%;"PLCB3;CALM2;PPP2R2A;PPP2CA;CALM3;CALM1;GNAL;ITPR1;GNAI3;PPP2R5A;SLC6A3;GNG5;PLCB4;MAPK13;PPP1CB;PPP1CC;SLC18A2;PPP2CB;ITPR2;CALML3;ADCY5;PPP1CA;CACNA1C;AKT2"
223;prerank;HOMOLOGOUS RECOMBINATION;-0.28461820037720603;-0.9812110080017052;0.48547008547008547;0.7099657055796206;1.0;11/38;21.36%;"BABAM1;RAD51B;SEM1;UIMC1;EME1;RAD51;RPA3;BRCA1;BLM;BRIP1;RAD54B"
224;prerank;GLYCOSAMINOGLYCAN BIOSYNTHESIS - KERATAN SULFATE;0.35788738657983293;0.971496004227824;0.49782608695652175;0.8367402292747966;1.0;7/12;35.11%;"B4GALT1;B4GALT3;CHST2;ST3GAL3;ST3GAL1;CHST1;ST3GAL2"
225;prerank;TNF SIGNALING PATHWAY;-0.2346027927147093;-0.9683116777978087;0.5201192250372578;0.7392999149543865;1.0;25/105;20.25%;"PIK3R3;RIPK3;CASP3;RIPK1;PTGS2;RPS6KA5;PIK3CA;FASN;FRMD8;CXCL2;MLKL;PIK3CB;SOCS3;ADAM17;MAPK13;MAPK1;CCL2;TRADD;NFKBIA;MAP3K7;AKT2;NFKB1;FADD;TNF;CASP8"
226;prerank;ENDOCRINE AND OTHER FACTOR-REGULATED CALCIUM REABSORPTION;-0.28485978323932826;-0.9681681287097309;0.4983164983164983;0.7346617645507042;1.0;13/36;21.06%;"PLCB3;CLTA;DNM2;RAB11A;ATP2B1;AP2M1;CLTB;PLCB4;CLTC;SLC8A1;AP2S1;ATP1B1;DNM3"
227;prerank;GLUTATHIONE METABOLISM;-0.266580124896919;-0.9648984021691442;0.4773109243697479;0.7382377962399476;1.0;15/50;21.73%;"GSTO1;RRM1;GSTA4;GPX4;GGCT;RRM2;GSTA3;GSTA5;GSTA1;MGST3;GSTK1;GPX2;GPX7;TXNDC12;GSTA2"
228;prerank;PARATHYROID HORMONE SYNTHESIS, SECRETION AND ACTION;-0.2399896922802261;-0.9625880616814599;0.5173453996983409;0.7393062918554131;1.0;17/84;17.53%;"PLCB3;NACA;RHOA;GNA13;ITPR1;PTHLH;GNAI3;SGK1;ARHGEF1;NR4A2;HBEGF;PLCB4;MAPK1;FGFR1;WNK2;ITPR2;ADCY5"
229;prerank;POLYCOMB REPRESSIVE COMPLEX;0.22516177074650098;0.9606120574597496;0.5300859598853869;0.8621177934210629;1.0;24/75;23.86%;"ASXL2;OGT;RING1;L3MBTL1;CREBBP;CBX6;SCMH1;CSNK2B;PHC3;WDR5B;CBX7;PCGF2;PCGF6;MGA;FOXK1;MTF2;PHF1;MBD5;RYBP;TEX10;L3MBTL3;UBE2D3;DCAF7;YAF2"
230;prerank;AXON GUIDANCE;0.19893921057747307;0.9579743201061092;0.5514285714285714;0.8607508185345548;1.0;47/147;24.42%;"SEMA4A;CLSTN1;LIMK2;GSK3B;SEMA5A;LRIG2;NEO1;PLXNB1;EFNA1;UNC5A;CXCL12;PTPN11;SEMA4C;EFNA5;SEMA4B;EPHB2;EFNB2;TRPC1;PIK3R1;PLXNC1;ABLIM2;LRRC4;EFNB1;LIMK1;NTNG2;SEMA6B;PPP3CA;BOC;CFL2;BMPR2;MAPK3;CDK5;CAMK2B;WNT4;SEMA4G;SEMA3B;SEMA6C;EFNA2;PLXNA1;SEMA4D;PKN1;ENAH;PLXNA2;PPP3CB;SEMA3G;NFATC3;SEMA7A"
231;prerank;ABC TRANSPORTERS;0.27334692314906206;0.9573306426975522;0.5037220843672456;0.8523854334383794;1.0;7/29;16.40%;"ABCB9;ABCA4;ABCC10;ABCA2;ABCC1;ABCC5;ABCG4"
232;prerank;PHOSPHONATE AND PHOSPHINATE METABOLISM;-0.4495319229307658;-0.9538078175055461;0.518095238095238;0.7568646067677722;1.0;5/6;38.78%;"PCYT1B;PCYT1A;CEPT1;CHPT1;PCYT2"
233;prerank;DRUG METABOLISM - CYTOCHROME P450;-0.29152136096465087;-0.9534582364705473;0.5119047619047619;0.7527775006294637;1.0;10/29;21.73%;"GSTO1;GSTA4;ADH5;GSTA3;GSTA5;GSTA1;MGST3;GSTK1;ALDH3B2;GSTA2"
234;prerank;PHOSPHOLIPASE D SIGNALING PATHWAY;-0.23065506251691706;-0.9509427398174333;0.5470588235294118;0.7543622509520208;1.0;19/109;14.31%;"PLCB3;PLA2G4A;ARF1;RHOA;CYTH3;PLCG2;PIK3R3;DNM2;GNA13;MTOR;PIK3CA;HRAS;PIK3CB;RALB;PLCB4;MAP2K2;AGPAT4;DGKZ;MAPK1"
235;prerank;INTEGRIN SIGNALING;-0.2194032025573591;-0.9499464480581445;0.5705705705705706;0.7520475497915322;1.0;47/128;27.52%;"SLTM;ACTN4;CTNNB1;PIK3R3;C3;CDC42;ITGB5;COL6A3;LIMS1;MTOR;PIK3CA;CXXC1;COL4A5;PIK3CB;COL4A3;COL4A6;VEGFA;COL4A2;NPNT;COL4A1;COL4A4;THBS4;ACTG1;FLNB;THBS1;PDGFRA;ACTN1;AKT2;THBS2;COL1A1;COL6A2;PDGFRB;COL1A2;LMNB2;ITGA4;ARHGEF6;ITGA11;ITGA6;ITGB7;PDGFD;ITGB1;ITGA7;COL6A1;NCK2;ITGA5;FERMT2;ITGA1"
236;prerank;CGMP-PKG SIGNALING PATHWAY;0.20285508848458902;0.947352585896787;0.592814371257485;0.8752533101504952;1.0;17/111;7.92%;"SLC25A4;VASP;ATP1B2;ADCY6;ATP1B3;ATP1A3;CACNA1F;NFATC1;CNGB1;CNGA1;ADRB3;GNA11;MEF2C;ADORA1;PDE5A;SLC25A31;GUCY1A1"
237;prerank;HEPATOCELLULAR CARCINOMA;0.1968582907893367;0.9465676370747373;0.580952380952381;0.8674525963940474;1.0;38/139;19.12%;"SMAD3;FZD8;CLSTN1;GSK3B;ARAF;TCF7L2;WNT3A;TGFB1;CDK6;BAX;IGF1R;TCF7L1;SHC1;SMARCD2;FZD7;CCND1;DVL1;DVL3;WNT10A;WNT6;FZD10;PIK3R1;TGFB3;DDB2;E2F3;FZD4;AKT3;PRKCB;MGST1;SMARCD3;GSTT2;SMARCC1;SOS2;MAPK3;CDK4;DVL2;WNT4;TGFBR1"
238;prerank;ERBB SIGNALING PATHWAY;-0.23985508649985054;-0.9448936926883256;0.5767284991568297;0.7602240722090706;1.0;14/73;14.31%;"PLCG2;PIK3R3;ERBB3;NCK1;MTOR;PIK3CA;HRAS;PIK3CB;AREG;NRG4;HBEGF;EREG;MAP2K2;MAPK1"
239;prerank;ECM-RECEPTOR INTERACTION;0.22321694141698542;0.9440436172282377;0.5786666666666667;0.8653544670709961;1.0;18/73;18.16%;"AGRN;SDC4;LAMA5;TNR;ITGA3;VTN;ITGB6;COL2A1;RELN;SV2B;DMTF1;VWF;SV2A;COL9A1;ITGA2;CD44;FREM2;ITGB4"
240;prerank;HUMAN PAPILLOMAVIRUS INFECTION;-0.20116091362856692;-0.9437679467507761;0.5951417004048583;0.7582594540781072;1.0;84/255;26.91%;"CCNA2;PSMC1;PKM;PPP2R2A;CTNNB1;SCRIB;PPP2CA;PIK3R3;ATP6V1E1;CASP3;TADA3;PARD3;HDAC1;ATP6V1D;CDC42;PTGS2;ITGB5;COL6A3;ATP6V0A2;MTOR;PIK3CA;FASN;PPP2R5A;HRAS;CXXC1;COL4A5;PIK3CB;COL4A3;COL4A6;ATP6V1G1;MDM2;VEGFA;PATJ;HDAC2;COL4A2;TBK1;COL4A1;MAP2K2;COL4A4;THBS4;MAPK1;ATP6V1B2;PALS1;THBS1;TRADD;PARD6G;PPP2CB;WNT11;CHD4;RBL2;AKT2;NFKB1;THBS2;FADD;PSEN1;TNF;CASP8;ATP6V1A;COL1A1;BAK1;LLGL2;COL6A2;PDGFRB;COL1A2;LMNB2;CRB3;ITGA4;FZD6;RB1;MAP2K1;ITGA11;NOTCH1;ITGA6;CSNK1A1;NRAS;AXIN1;ITGB7;ITGB1;CNKSR3;ITGA7;COL6A1;PPP2R3C;ITGA5;TSC2"
241;prerank;GLYCOSPHINGOLIPID BIOSYNTHESIS - LACTO AND NEOLACTO SERIES;0.31192386937209476;0.9424856497993002;0.5306603773584906;0.8602097593085344;1.0;8/19;29.00%;"B4GALT1;FUT4;ST8SIA1;A4GALT;B3GNT3;B4GALT3;B3GALNT1;ST3GAL3"
242;prerank;MUCIN TYPE O-GLYCAN BIOSYNTHESIS;-0.3210122807430757;-0.9414468664973886;0.5506445672191529;0.7596736341051108;1.0;5/20;17.66%;"GALNT3;GALNT10;GALNT18;C1GALT1C1;ST6GALNAC4"
243;prerank;NEUROTROPHIN SIGNALING PATHWAY;-0.2325913634584781;-0.9374806750125282;0.5920852359208524;0.7646675466836422;1.0;28/99;21.62%;"CALM2;YWHAE;RHOA;PLCG2;CALM3;PIK3R3;CALM1;CDC42;PRKCD;RPS6KA5;RAP1B;PIK3CA;HRAS;PIK3CB;IRAK3;MAPK13;MAP2K2;RAP1A;RIPK2;MAPK1;CALML3;NFKBIA;AKT2;NFKB1;PSEN1;NTRK2;IRAK1;PRDM4"
244;prerank;METABOLISM OF XENOBIOTICS BY CYTOCHROME P450;-0.2834977070588008;-0.9373090316488133;0.5763888888888888;0.7602346333501108;1.0;13/31;21.73%;"GSTO1;GSTA4;ADH5;CYP2S1;GSTA3;CBR1;GSTA5;GSTA1;MGST3;GSTK1;ALDH3B2;CBR3;GSTA2"
245;prerank;CARDIAC MUSCLE CONTRACTION;-0.25174062201267255;-0.9308351172324463;0.557632398753894;0.771968770432811;1.0;16/55;20.81%;"COX6C;TPM2;UQCRH;UQCRC1;COX7A2;PTGS2;TNNT2;TPM3;UQCR11;ATP2A2;SLC8A1;CCNI;CACNA1C;TNNI3;ATP1B1;UQCRC2"
246;prerank;LONGEVITY REGULATING PATHWAY - MULTIPLE SPECIES;-0.25494457285374006;-0.9288698973987203;0.5964052287581699;0.772321172008584;1.0;10/51;13.19%;"HSPA1B;PIK3R3;ATG5;HDAC1;MTOR;PIK3CA;HRAS;PIK3CB;HDAC2;CLPB"
247;prerank;SULFUR RELAY SYSTEM;0.4041428586631372;0.9255859423996035;0.5665236051502146;0.9047750625703276;1.0;1/7;0.64%;CTU1
248;prerank;FATTY ACID ELONGATION;-0.2914025904423513;-0.9168053362984594;0.5843920145190563;0.796953833919092;1.0;9/25;18.58%;"ACAA2;HADHA;ECHS1;HSD17B12;HACD4;ELOVL7;ELOVL6;HADHB;ACOT7"
249;prerank;ENDOMETRIAL CANCER;0.23024700570823722;0.9167890833626042;0.622107969151671;0.9213077862769161;1.0;13/50;17.81%;"CLSTN1;GSK3B;ARAF;TCF7L2;CASP9;BAX;TCF7L1;CCND1;PIK3R1;DDB2;AKT3;SOS2;MAPK3"
250;prerank;RAS SIGNALING PATHWAY;-0.20615490372805853;-0.9086933622116543;0.6787790697674418;0.8122479252882422;1.0;37/165;19.23%;"CALM2;PLA2G4A;SLTM;RHOA;PLCG2;RAB5A;CALM3;PIK3R3;CALM1;RASSF1;ANGPT2;CDC42;RAP1B;PIK3CA;HRAS;EPHA2;PIK3CB;AFDN;FOXO4;RALB;VEGFA;GNG5;FGF1;TBK1;MAP2K2;RAP1A;FGF10;MAPK1;FGFR1;CALML3;PDGFRA;PLAAT3;RASSF3;RASA3;AKT2;NFKB1;ARF6"
251;prerank;MTOR SIGNALING PATHWAY;0.1913062377776623;0.9064534602491621;0.6870748299319728;0.9428979965456816;1.0;34/136;18.90%;"RPS6KA1;FZD8;CLSTN1;GSK3B;NPRL3;WNT3A;DDIT4;STRADA;AKT1S1;SLC38A9;SLC3A2;IGF1R;PRR5;FZD7;FNIP1;DVL1;DVL3;WNT10A;WNT6;RHEB;ULK1;FZD10;PIK3R1;FZD4;AKT3;PRKCB;ATP6V1F;PRKAA2;ATP6V1C2;RRAGA;SOS2;MAPK3;DVL2;WNT4"
252;prerank;TRANSCRIPTIONAL MISREGULATION IN CANCER;0.19412400855383227;0.9041928942551524;0.7351190476190477;0.9392745190462576;1.0;46/124;31.25%;"NGFR;TCF3;CCNT2;TAF15;PML;SS18;AFF1;MEF2C;CCND2;BAX;IGF1R;BCL6;CEBPA;RELA;ELK4;KMT2A;SS18L1;DDB2;FOXO1;DUSP6;FLT1;ETV6;SLC45A3;TMPRSS2;TSPAN7;SMAD1;DAND5;GADD45G;RXRB;MYC;PDGFA;TRAF1;BCL11B;ASPSCR1;ETV1;PBX1;RUNX1;ZBTB16;RARA;TFE3;CDPF1;GADD45A;DOT1L;IL1R2;MMP9;ITGAM"
253;prerank;TH17 CELL DIFFERENTIATION;0.22387522527643872;0.9030591215552061;0.6404494382022472;0.932231361168176;1.0;22/65;29.55%;"SMAD3;NFATC1;TGFB1;RELA;MAPK11;SPNS1;PPP3CA;MAPK12;MAPK3;MAPK14;TGFBR1;IL1RAP;MAPK10;NFKBIB;RXRB;PPP3CB;NFATC3;RORC;RUNX1;RARA;STAT3;MAPK9"
254;prerank;SEROTONERGIC SYNAPSE;-0.2367230465873354;-0.8996499649814098;0.64;0.8299945376739302;1.0;15/63;18.96%;"PLCB3;PLA2G4A;CASP3;ITPR1;GNAI3;PTGS2;HRAS;ALOX12B;GNG5;PLCB4;MAPK1;SLC18A2;ITPR2;ADCY5;CACNA1C"
255;prerank;COLLECTING DUCT ACID SECRETION;0.30221537595688863;0.897520549449235;0.5936842105263158;0.9386186590353298;1.0;7/16;19.73%;"ATP6V0C;ATP6V0E2;ATP6V0A1;ATP6V1F;SLC12A7;ATP6V1C2;TCIRG1"
256;prerank;PEROXISOME;0.21371651095675032;0.8939593062418423;0.6952908587257618;0.9386145497838918;1.0;26/68;28.01%;"MPV17;PEX26;ACSL6;ACOX1;PEX11A;PEX6;PEX2;PEX12;MPV17L2;PEX19;PEX5L;PEX16;PEX5;PEX13;PEX14;PXMP4;PEX7;MPV17L;PECR;EHHADH;PEX10;EPHX2;NUDT12;MLYCD;AMACR;PHYH"
257;prerank;HEMATOPOIETIC CELL LINEAGE;0.24405102066268647;0.8880147315336253;0.6346153846153846;0.9453003093674532;1.0;12/38;26.93%;"MMP12;ITGA3;CSF2RA;CD33;CD9;ITGA2;CD44;KIT;IL11;THPO;CD5;CD37"
258;prerank;PYRIMIDINE METABOLISM;-0.2468005502373456;-0.8850343563853066;0.6661264181523501;0.8610220043957761;1.0;12/45;18.67%;"CDA;RRM1;NT5C;NUDT2;NME2;TK1;NME1;RRM2;TYMS;NME7;DPYD;HDDC2"
259;prerank;CHEMICAL CARCINOGENESIS - DNA ADDUCTS;-0.27354577614391573;-0.8808045462765451;0.6254180602006689;0.8661319156024059;1.0;11/27;21.73%;"GSTO1;PTGS2;GSTA4;GSTA3;CBR1;GSTA5;GSTA1;MGST3;GSTK1;SLC38A1;GSTA2"
260;prerank;FOXO SIGNALING PATHWAY;-0.21212143369164285;-0.8796420004042861;0.70254110612855;0.8636923822015918;1.0;34/110;25.41%;"CCNB1;CCNB2;HOMER2;PLK1;GABARAP;PIK3R3;HOMER3;SGK1;PIK3CA;HRAS;PIK3CB;GABARAPL2;FOXO4;MDM2;CDKN2B;BNIP3;MAPK13;MAP2K2;MAPK1;PLK4;FBXO25;PLK3;RBL2;AKT2;SOD2;GADD45B;CCNG2;KLF2;SMAD4;PLK2;MAP2K1;CDKN2D;UXT;NRAS"
261;prerank;SNARE INTERACTIONS IN VESICULAR TRANSPORT;0.25367593279446576;0.8754321432767067;0.6746987951807228;0.9698635173314972;1.0;9/30;18.49%;"UBE2Z;VAMP1;STX16;VAMP2;VTI1A;GOSR2;STX1A;STX6;STX1B"
262;prerank;CHOLESTEROL METABOLISM;-0.2645552285141296;-0.8749315349103077;0.6595394736842105;0.8697881001996494;1.0;11/33;27.24%;"C1D;SOAT1;LRPAP1;LIPG;APOE;PCSK9;ABCG8;VAPB;VAPA;ABCG5;VDAC1"
263;prerank;ACUTE MYELOID LEUKEMIA;0.21188439928080377;0.8726050491958971;0.7057356608478803;0.9674412861665108;1.0;25/55;31.30%;"CLSTN1;PML;ARAF;TCF7L2;CEBPA;RELA;TCF7L1;CCND1;PIK3R1;AKT3;DUSP6;SOS2;MAPK3;KIT;PPARD;PIM2;MYC;RUNX1;ZBTB16;RARA;BRAF;STAT3;SOS1;ITGAM;RPS6KB2"
264;prerank;CIRCADIAN ENTRAINMENT;-0.22763308338650218;-0.8718344700238403;0.6998468606431854;0.8723715007817335;1.0;14/67;18.96%;"PLCB3;CALM2;CALM3;CALM1;ITPR1;GNAI3;RPS6KA5;GNG5;PLCB4;MAPK1;CALML3;ADCY5;PRKG1;CACNA1C"
265;prerank;CHOLINE METABOLISM IN CANCER;0.20023992373985353;0.8684898129121775;0.7465940054495913;0.9680515373899641;1.0;25/81;23.06%;"CLSTN1;WASF3;GPCPD1;DGKE;RHEB;SLC44A1;PIK3R1;CHKA;AKT3;PRKCB;PLD2;SLC44A2;PDGFB;SLC22A5;SLC44A3;SOS2;MAPK3;RALGDS;SLC44A4;PLPP2;WASF2;MAPK10;DGKD;CHKB;DAND5"
266;prerank;MELANOMA;-0.23109232430669163;-0.8653667599222854;0.715702479338843;0.882550452008714;1.0;22/55;25.73%;"SLTM;PIK3R3;PIK3CA;HRAS;PIK3CB;MDM2;FGF1;MAP2K2;FGF10;MAPK1;FGFR1;PDGFRA;AKT2;CDKN2A;BAK1;GADD45B;PDGFRB;POLK;RB1;MAP2K1;NRAS;PDGFD"
267;prerank;COLORECTAL CANCER;0.19855820713123568;0.8643698813026496;0.7891891891891892;0.9686083330429064;1.0;15/79;13.80%;"BCL2L11;SMAD3;CLSTN1;GSK3B;ARAF;TCF7L2;CASP9;TGFB1;BAX;TCF7L1;CCND1;PIK3R1;TGFB3;DDB2;AKT3"
268;prerank;RELAXIN SIGNALING PATHWAY;-0.21075899622470576;-0.8628192508584382;0.7357032457496137;0.8835302296738395;1.0;20/101;14.31%;"PLCB3;GNA15;PIK3R3;GNAI3;PIK3CA;HRAS;COL4A5;PIK3CB;COL4A3;COL4A6;VEGFA;GNG5;COL4A2;PLCB4;EDNRB;MAPK13;COL4A1;MAP2K2;COL4A4;MAPK1"
269;prerank;GROWTH HORMONE SYNTHESIS, SECRETION AND ACTION;-0.214464592072741;-0.8610952042456355;0.7129337539432177;0.8824229664221739;1.0;21/88;19.65%;"PLCB3;PLCG2;PIK3R3;ITPR1;GNAI3;MTOR;PIK3CA;HRAS;PIK3CB;PLCB4;SOCS3;MAPK13;MAP2K2;MAPK1;JAK2;IGFBP3;ITPR2;ADCY5;CACNA1C;AKT2;SOCS2"
270;prerank;PROSTATE CANCER;0.19205748379949036;0.8605917453718673;0.8022922636103151;0.9678043523175003;1.0;22/88;17.81%;"CLSTN1;GSK3B;FGFR2;ARAF;TCF7L2;CASP9;IGF1R;CREBBP;RELA;TCF7L1;CCND1;PIK3R1;SLC46A1;FOXO1;E2F3;AKT3;CREB1;PDGFB;CREB3L2;SLC19A1;SOS2;MAPK3"
271;prerank;COCAINE ADDICTION;0.24050519944501308;0.8583206492780648;0.6925;0.9633197592204801;1.0;11/33;21.94%;"RGS9BP;RELA;PRKACB;MAOA;CREB1;CREB3L2;LLGL1;CDK5;GRIN2D;CREB5;GRIA2"
272;prerank;NF-KAPPA B SIGNALING PATHWAY;-0.21831610025911966;-0.8574923007212254;0.7456556082148499;0.8859284839276003;1.0;19/81;21.47%;"PLCG2;BCL10;RIPK1;PTGS2;LYN;NDUFA2;CXCL2;CARD14;TRADD;NFKBIA;MALT1;MAP3K7;TLR4;NFKB1;LY96;TNF;IRAK1;PLAU;GADD45B"
273;prerank;HISTIDINE METABOLISM;-0.29656253041890324;-0.8572365947592508;0.6753472222222222;0.8814100666507381;1.0;6/19;19.64%;"HAL;CARNMT1;ALDH7A1;HNMT;CNDP2;ALDH3B2"
274;prerank;PORPHYRIN METABOLISM;0.2599827937617763;0.8548575388678058;0.7007125890736342;0.9614999579594471;1.0;12/25;33.38%;"EARS2;PPOX;COX10;ALAS2;COX15;UGT1A1;HEPH;FXN;FECH;UROS;CPOX;ALAD"
275;prerank;OVARIAN STEROIDOGENESIS;0.2435125977686408;0.8524957958718414;0.7071428571428572;0.9577560092986991;1.0;6/31;15.40%;"ADCY6;ACOT2;IGF1R;PRKACB;ACOT4;CHGA"
276;prerank;MAPK SIGNALING PATHWAY;0.16613281055042162;0.8494689120003337;0.926829268292683;0.9551770695145572;1.0;60/238;21.77%;"NGFR;RPS6KA1;RASGRF1;NF1;MAP4K2;FGFR2;ARAF;CACNA1F;NFATC1;CACNA2D4;TGFB1;MAP3K6;MEF2C;EFNA1;CACNG4;DUSP8;IGF1R;EFNA5;MAPK8IP2;MAPK8IP3;RELA;ECSIT;FGFR3;DUSP3;MAPK11;VEGFB;PRKACB;ELK4;TGFB3;AKT3;PRKCB;RASGRF2;MAPKAPK2;ARRB2;DUSP6;PDGFB;CACNA2D1;MAPT;PPP3CA;FLT1;MAP3K10;MAPK12;SOS2;MAPK3;RASA2;MAPK14;KIT;RELB;TGFBR1;MAPK7;DUSP7;EFNA2;DUSP4;MECOM;CACNB2;IL1RAP;MAPK10;MAPKAPK3;TAOK1;PKN1"
277;prerank;AMPK SIGNALING PATHWAY;0.19124731042868892;0.8475972882261715;0.7865497076023392;0.9500397950746833;1.0;33/101;25.22%;"G6PC3;CLSTN1;CRTC2;STRADA;AKT1S1;IGF1R;TBC1D1;CCND1;SREBF1;RHEB;ULK1;PIK3R1;GYS1;CPT1A;FOXO1;AKT3;PPP2R2C;PRKAA2;CREB1;PRKAB1;PPP2R1A;PRKAB2;CREB3L2;STRADB;PPP2R5B;PFKFB2;LEPROT;CREB5;PPP2R5E;PPARGC1A;CIDEA;PPP2R2B;CAMKK2"
278;prerank;RENAL CELL CARCINOMA;-0.22347342795625766;-0.8450245420869388;0.733652312599681;0.9039599115387381;1.0;12/62;14.31%;"SLTM;PIK3R3;CDC42;HIF1A;RAP1B;PIK3CA;HRAS;PIK3CB;VEGFA;MAP2K2;RAP1A;MAPK1"
279;prerank;NUCLEOCYTOPLASMIC TRANSPORT;-0.2057588165472593;-0.8400849257408821;0.7668231611893583;0.9095214280185608;1.0;20/94;17.63%;"UPF3A;TPR;SEC13;RAN;ALYREF;KPNA4;NUP37;THOC5;THOC6;GLE1;PNN;UPF2;NUP35;NUP107;NDC1;RANBP2;RANGAP1;NUP133;NUP88;PHAX"
280;prerank;UBIQUITIN MEDIATED PROTEOLYSIS;-0.196794768647221;-0.8392969843796226;0.812111801242236;0.9061125629150859;1.0;46/133;30.59%;"UBE2C;CDC20;UBE2S;ANAPC13;UBA52;WWP2;NEDD4L;CUL4B;HERC4;MDM2;SOCS3;UBA2;UBE2R2;CDC27;ANAPC15;DDB1;UBE3C;CUL3;ELOB;PPIL2;BRCA1;UBE2N;TRIP12;PIAS1;RPS27A;UBA1;FBXW7;PRPF19;RNF7;RBX1;UBB;UXT;FBXW11;ANAPC2;SMURF2;SAE1;WWP1;UBE2B;FANCL;ANAPC5;ANAPC10;FZR1;UBA3;KEAP1;CUL1;UBE3A"
281;prerank;BASAL TRANSCRIPTION FACTORS;-0.24327536132153227;-0.8392280972875903;0.7277227722772277;0.9011845143849367;1.0;6/38;12.86%;"GTF2F1;TAF7;TAF2;TAF5;GTF2F2;TAF4"
282;prerank;CHOLINERGIC SYNAPSE;0.19402070445768183;0.8370965982195813;0.8074712643678161;0.963713441609789;1.0;27/77;26.77%;"CLSTN1;ADCY6;CACNA1F;KCNJ14;GNB3;GNA11;GNGT1;PRKACB;PIK3R1;GNB5;AKT3;PRKCB;CREB1;KCNQ4;CREB3L2;MAPK3;GNGT2;CAMK2B;GNG13;ADCY1;GNG7;CREB5;CACNA1A;GNAO1;CAMK2G;BCL2;FYN"
283;prerank;DILATED CARDIOMYOPATHY;0.19382606013139067;0.8343364370814427;0.8153034300791556;0.9609901836871833;1.0;9/73;7.30%;"ADCY6;DMD;CACNA1F;SNTB1;CACNA2D4;TGFB1;ITGA3;CACNG4;ITGB6"
284;prerank;LINOLEIC ACID METABOLISM;-0.3189684456235169;-0.83071106529645;0.6871401151631478;0.9136099993816532;1.0;1/12;1.46%;PLA2G4A
285;prerank;GLUCAGON SIGNALING PATHWAY;-0.2108422203321242;-0.8291575301273988;0.7914831130690162;0.9117975751626916;1.0;8/79;7.39%;"PLCB3;CALM2;LDHA;PKM;CALM3;CALM1;ITPR1;PFKL"
286;prerank;MALARIA;-0.25229175335603987;-0.827335247171315;0.7542087542087542;0.9103467733340347;1.0;9/31;21.10%;"SLTM;C1D;THBS4;CCL2;THBS1;TLR4;THBS2;TNF;IL18"
287;prerank;COMPLEMENT AND COAGULATION CASCADES;-0.2320987511084157;-0.8256561612351058;0.751145038167939;0.9085886336800081;1.0;6/46;8.43%;"PSMA7;SERPINB2;C3;THBD;CLU;A2M"
288;prerank;PI3K-AKT SIGNALING PATHWAY;-0.1763330747267771;-0.8253661271744376;0.9090909090909091;0.9041250125535232;1.0;64/259;22.62%;"HSP90B1;EIF4B;SLTM;YWHAE;PPP2R2A;CDC37;PPP2CA;PIK3R3;RPS6;YWHAQ;ANGPT2;ERBB3;MCL1;ITGB5;COL6A3;SGK1;MTOR;PIK3CA;PPP2R5A;HRAS;EPHA2;CXXC1;COL4A5;PIK3CB;AREG;COL4A3;COL4A6;MDM2;VEGFA;HSP90AA1;GNG5;FGF1;MYB;COL4A2;EREG;COL4A1;MAP2K2;COL4A4;FGF10;THBS4;MAPK1;FGFR1;CSF3R;THBS1;JAK2;PPP2CB;HSP90AB1;PDGFRA;RBL2;TLR4;AKT2;NFKB1;THBS2;NTRK2;BRCA1;COL1A1;CCM2;YWHAH;COL6A2;PDGFRB;COL1A2;LMNB2;TGFA;ITGA4"
289;prerank;HYPERTROPHIC CARDIOMYOPATHY;0.19520720854126036;0.8234209528855827;0.844632768361582;0.9742214142926173;1.0;17/70;21.25%;"DMD;CACNA1F;SNTB1;CACNA2D4;TGFB1;ITGA3;CACNG4;ITGB6;TGFB3;PRKAA2;PRKAB1;PRKAB2;CACNA2D1;ITGA2;ITGB4;ACE;CACNB2"
290;prerank;ALDOSTERONE-REGULATED SODIUM REABSORPTION;0.2342044649945631;0.8187095723070151;0.772093023255814;0.9740463420155568;1.0;7/30;14.49%;"CLSTN1;ATP1B2;ATP1B3;ATP1A3;PIK3R1;PRKCB;ATP1A2"
291;prerank;VIRAL PROTEIN INTERACTION WITH CYTOKINE AND CYTOKINE RECEPTOR;-0.23477962960684787;-0.812370695960013;0.7595993322203672;0.923578602397259;1.0;13/43;28.19%;"PPBP;CXCL2;IL34;IL22RA1;CCR2;IL10RB;CCL2;TNF;IL18;PF4;CCL7;CCL8;CCR5"
292;prerank;MEASLES;0.1786992236134428;0.8095996029689722;0.8971428571428571;0.9817909619703421;1.0;23/97;22.05%;"CSNK2A2;CLSTN1;GSK3B;CASP9;CDK6;CCND2;BAX;CCND3;CSNK2B;RELA;CCND1;PIK3R1;CD46;TLR2;AKT3;OAS2;ADAR;CDK4;OAS3;MAPK10;MAVS;TRAF3;NFKBIB"
293;prerank;GLUTAMATERGIC SYNAPSE;-0.2014083498819391;-0.8083768270122231;0.8355754857997011;0.9257232809867731;1.0;7/83;6.45%;"PLCB3;GRK2;HOMER2;PLA2G4A;HOMER3;ITPR1;GNAI3"
294;prerank;REGULATION OF LIPOLYSIS IN ADIPOCYTES;0.2120449890973188;0.807900423883748;0.794344473007712;0.9761440293689759;1.0;12/43;20.78%;"CLSTN1;ADCY6;ADRB3;ADORA1;PRKACB;MGLL;PIK3R1;AKT3;CHGA;PNPLA2;ADRB1;ADCY1"
295;prerank;CITRATE CYCLE (TCA CYCLE);-0.25328286081862506;-0.8068390569012251;0.7364864864864865;0.9235074459837846;1.0;9/27;28.17%;"ACLY;IDH3A;MDH1;ACO1;SDHB;ACO2;SUCLA2;SDHA;PDHB"
296;prerank;PD-L1 EXPRESSION AND PD-1 CHECKPOINT PATHWAY IN CANCER;0.19057128010874338;0.801171353229041;0.8551532033426184;0.9783907836653697;1.0;15/70;18.38%;"CSNK2A2;CLSTN1;NFATC1;PTPN11;CSNK2B;RELA;MAPK11;SPNS1;PIK3R1;TLR2;AKT3;PPP3CA;MAPK12;MAPK3;MAPK14"
297;prerank;GLYCOSPHINGOLIPID BIOSYNTHESIS - GANGLIO SERIES;0.3051621034366155;0.7918473398496327;0.7258426966292135;0.9853599936416191;1.0;4/12;22.58%;"HEXA;GLB1;ST8SIA1;ST3GAL5"
298;prerank;BETA-ALANINE METABOLISM;-0.2426503919713927;-0.7874152715943249;0.8038528896672504;0.9517124275688175;1.0;8/27;19.64%;"HADHA;ECHS1;SMOX;ACADS;ALDH7A1;DPYD;CNDP2;ALDH3B2"
299;prerank;ONE CARBON POOL BY FOLATE;0.22888388385441327;0.7853282121614982;0.8079800498753117;0.9860897425946935;1.0;8/28;23.15%;"AMT;MTHFR;GLDC;AHCYL2;DMGDH;GART;ATIC;SHMT1"
300;prerank;INSULIN SIGNALING PATHWAY;-0.1866758708746475;-0.7850917736618955;0.8890577507598785;0.950315510375777;1.0;42/112;30.52%;"TRIP10;CALM2;EXOC7;CALM3;PIK3R3;CALM1;RPS6;MTOR;PIK3CA;FASN;HRAS;PIK3CB;SORBS1;SOCS3;PPP1CB;MAP2K2;MAPK1;INPP5A;PPP1CC;CALML3;PPP1CA;ACACA;AKT2;SOCS2;ACACB;PPP1R3B;PDE3B;PTPRF;MKNK1;MAP2K1;NRAS;EIF4E2;TSC2;CRKL;PHKB;PRKCZ;FLOT1;AKT1;CRK;INPPL1;PYGB;IRS2"
301;prerank;NATURAL KILLER CELL MEDIATED CYTOTOXICITY;-0.20828453169380473;-0.7809446309351671;0.8715447154471545;0.9519936848512914;1.0;11/60;14.31%;"PLCG2;PIK3R3;CASP3;PTPN6;PIK3CA;FASN;HRAS;PIK3CB;ULBP1;MAP2K2;MAPK1"
302;prerank;CHEMICAL CARCINOGENESIS - RECEPTOR ACTIVATION;-0.17950489029410632;-0.7795147421955522;0.9105571847507331;0.9492296033351547;1.0;29/136;19.17%;"HSP90B1;BIRC5;GSTO1;PIK3R3;GNAI3;GSTA4;KPNA4;MTOR;PIK3CA;HRAS;EPHX3;PIK3CB;AREG;VEGFA;HSP90AA1;MAP2K2;FGF10;MAPK1;GSTA3;GSTA5;GSTA1;JAK2;KLF5;MGST3;HSP90AB1;ADCY5;CACNA1C;AKT2;NFKB1"
303;prerank;JAK-STAT SIGNALING PATHWAY;0.17150229146728493;0.7791350274335256;0.9166666666666666;0.9859607639949401;1.0;32/97;29.06%;"CLSTN1;PTPN11;CCND2;CREBBP;CCND3;CTF1;CSF2RA;CCND1;PIAS2;PIK3R1;SOCS1;AKT3;LIF;PDGFB;SOS2;CFH;AOX1;CLCF1;LEPROT;IL11;IL20RA;IL15;MYC;THPO;PDGFA;BCL2;IL15RA;IRF9;IL13RA1;EGFR;STAT3;CDPF1"
304;prerank;RHEUMATOID ARTHRITIS;-0.2103927566468496;-0.7756243371003498;0.8546042003231018;0.9498882096118481;1.0;14/54;21.10%;"CTSL;ATP6V1E1;ATP6V1D;ATP6V0A2;CXCL2;ATP6V1G1;VEGFA;CCL2;ATP6V1B2;TLR4;TNF;TNFSF13;ATP6V1A;IL18"
305;prerank;PENTOSE PHOSPHATE PATHWAY;0.2419538817852076;0.7681662883222764;0.8405466970387244;0.9925862565383022;1.0;3/22;8.28%;"H6PD;PRPS2;SHPK"
306;prerank;HORMONE SIGNALING;0.16788870386241936;0.7673571243438615;0.9550898203592815;0.9849907153707577;1.0;28/112;21.88%;"CLSTN1;ADCY6;NPRL3;ADRB3;GNB3;GNA11;GNGT1;PTH1R;IGF1R;PRKACB;PIK3R1;GNB5;ADRA2A;RAMP2;CHGA;SLC16A10;ESR1;GNGT2;ADRA2C;ADRB1;DIO2;GNG13;ADCY1;GNG7;LEPROT;SMAD1;PENK;DRD4"
307;prerank;OTHER GLYCAN DEGRADATION;-0.271392175291697;-0.7642748614428422;0.7586206896551724;0.961400508968093;1.0;4/15;11.78%;"AGA;FUCA1;HEXB;MANBA"
308;prerank;RNA POLYMERASE;0.21347779277809695;0.7613762197895646;0.8645833333333334;0.9839815165400694;1.0;16/30;37.92%;"POLR3GL;POLR2A;POLR1A;POLR1B;POLR3A;POLR2K;POLR2J;POLR3C;POLR2H;POLR1F;POLR2G;POLR2I;POLR3H;POLR1H;POLR3E;POLR2B"
309;prerank;GLYCOSPHINGOLIPID BIOSYNTHESIS - GLOBO AND ISOGLOBO SERIES;0.29034709631068656;0.7486284938634185;0.8040540540540541;0.9901999471669142;1.0;7/11;37.00%;"HEXA;ST8SIA1;A4GALT;B3GALNT1;ST3GAL1;ST3GAL2;NAGA"
310;prerank;DNA REPLICATION;-0.22468239167341195;-0.7472510172882098;0.814625850340136;0.9786425995028771;1.0;15/34;33.81%;"RNASEH2C;RNASEH2B;PRIM2;POLA1;RPA3;FEN1;POLE3;RFC5;DNA2;RFC4;PCNA;POLE;RFC2;POLE2;MCM5"
311;prerank;LEISHMANIASIS;-0.20459675844461475;-0.7381613479099368;0.8972712680577849;0.9843569199249366;1.0;20/48;31.97%;"C3;PTGS2;PTPN6;MAPK13;MAPK1;JAK2;NFKBIA;MAP3K7;TLR4;NFKB1;TNF;IRAK1;ITGA4;NCF1;ITGB1;CYBA;NCF2;MYD88;IL1B;ITGB2"
312;prerank;MISMATCH REPAIR;0.22842206494004624;0.7366571910882456;0.8568019093078759;0.9944398582688854;1.0;4/22;17.00%;"POLD2;POLR1A;POLR1B;SLC19A1"
313;prerank;TYPE I DIABETES MELLITUS;0.29650995437233607;0.7355128442549923;0.8004073319755601;0.9871239107869121;1.0;2/9;13.86%;"GAD1;PTPRN"
314;prerank;SULFUR METABOLISM;-0.3077762232278859;-0.7303516997426114;0.7967032967032966;0.987818706621832;1.0;3/9;23.82%;"SUOX;SELENBP1;ETHE1"
315;prerank;NON-SMALL CELL LUNG CANCER;0.17095005947436137;0.7261742875556035;0.9560723514211886;0.9878240418448898;1.0;27/67;30.65%;"CLSTN1;ARAF;CASP9;CDK6;KIF5C;BAX;CCND1;PIK3R1;DDB2;E2F3;AKT3;PRKCB;SOS2;MAPK3;CDK4;FHIT;RARB;GADD45G;RXRB;EML4;EGFR;BRAF;STAT3;CDPF1;PRKCG;SOS1;GADD45A"
316;prerank;SPHINGOLIPID METABOLISM;0.19204782457757696;0.7215196896546802;0.9315403422982885;0.9837370330317488;1.0;15/42;28.94%;"CERS2;HEXA;SGPL1;GLB1;ACER2;KDSR;SMPD4;SPTLC1;GBA2;PLPP2;CERS4;ACER3;UGCG;NEU3;SPHK2"
317;prerank;RENIN-ANGIOTENSIN SYSTEM;-0.26908580676492555;-0.7209982273514626;0.8293135435992579;0.9919930980478292;1.0;2/15;5.14%;"THOP1;PMPCB"
318;prerank;TASTE TRANSDUCTION;0.21299415260888233;0.7208531395493971;0.9134860050890585;0.9763516928439667;1.0;9/26;23.70%;"ADCY6;GNB3;GABBR1;PRKACB;ENTPD2;TAS1R3;GNG13;PDE1B;CACNA1A"
319;prerank;GLYOXYLATE AND DICARBOXYLATE METABOLISM;0.21894872512492;0.7197688444907376;0.8614318706697459;0.9694986269265963;1.0;9/25;24.88%;"AMT;PGP;GLUL;GLYCTK;PCCB;GLDC;AFMID;SHMT1;HOGA1"
320;prerank;LYSINE DEGRADATION;-0.19019322631872698;-0.7068688821539203;0.9261744966442953;1.0;1.0;12/56;19.39%;"HADHA;ECHS1;PLOD1;PRDM2;DHTKD1;SOAT1;ALDH7A1;PLOD3;EZH2;SETD1B;COLGALT2;PLOD2"
321;prerank;ALPHA-LINOLENIC ACID METABOLISM;-0.25382652465953937;-0.6923638059575746;0.8665413533834586;1.0;1.0;1/14;1.46%;PLA2G4A
322;prerank;THYROID CANCER;-0.2106028760558723;-0.6907133753452901;0.9144385026737968;1.0;1.0;11/30;25.41%;"CTNNB1;TPR;HRAS;TPM3;MAP2K2;MAPK1;BAK1;GADD45B;POLK;MAP2K1;NRAS"
323;prerank;VIRAL MYOCARDITIS;-0.20602953339232427;-0.6906764084526893;0.9114583333333334;0.9981013890783538;1.0;13/35;32.86%;"EIF4G2;CASP3;CAV1;ACTG1;CXADR;CASP8;SGCE;CYCS;SGCB;CD55;EIF4G1;ITGB2;LAMA2"
324;prerank;RIG-I-LIKE RECEPTOR SIGNALING PATHWAY;-0.19407846771824003;-0.6878363231328175;0.9488448844884488;0.9951153039199381;1.0;12/47;20.25%;"RIPK1;ATG5;TBK1;MAPK13;TRADD;NFKBIA;DDX3X;MAP3K7;NFKB1;FADD;TNF;CASP8"
325;prerank;ARGININE AND PROLINE METABOLISM;-0.20906785936311775;-0.687077171501912;0.9001721170395869;0.9907172308767518;1.0;9/32;19.59%;"P4HA1;SMOX;OAT;PYCR1;TINAGL1;ALDH7A1;P4HA3;CNDP2;SLC38A1"
326;prerank;BASE EXCISION REPAIR;0.1809480723336206;0.6816725005105299;0.9805352798053528;0.9884552556543779;1.0;12/41;23.80%;"POLD2;MBD4;TDP1;SMUG1;SLC19A1;XRCC1;APTX;UNG;NEIL1;OGG1;POLE4;POLD4"
327;prerank;PRIMARY BILE ACID BIOSYNTHESIS;-0.27497062279670975;-0.676114919349571;0.8743068391866913;0.9930729721990842;1.0;10/10;72.53%;"CYP39A1;HSD3B7;HSD17B4;CYP46A1;CYP27A1;ACOT8;CYP7B1;CH25H;SYCP2;AMACR"
328;prerank;OSTEOCLAST DIFFERENTIATION;-0.1657475680632949;-0.6751650765236211;0.974124809741248;0.9888600164343327;1.0;19/99;20.28%;"PLCG2;PIK3R3;SQSTM1;FOSB;ITPR1;PIK3CA;PIK3CB;SOCS3;MAPK13;MAPK1;ATP2A2;ITPR2;NFKBIA;MAP3K7;AKT2;NFKB1;TREM2;TNF;PPP3R1"
329;prerank;TGF-BETA SIGNALING PATHWAY;-0.16418687364293252;-0.6745593696980392;0.981651376146789;0.9844546628657169;1.0;16/87;16.59%;"RHOA;PPP2CA;HDAC1;NOG;PITX2;ID1;FST;TFRC;CHRD;HDAC2;CDKN2B;ZFYVE16;MAPK1;SMAD7;THBS1;PPP2CB"
330;prerank;STEROID HORMONE BIOSYNTHESIS;0.2404442451658604;0.6705186648544361;0.8801742919389978;0.9866296153608866;1.0;2/14;12.48%;"COMT;SRD5A3"
331;prerank;HEPATITIS B;-0.15426344863517444;-0.6552672199354512;0.9939117199391172;0.9901951735488214;1.0;26/130;20.92%;"CCNA2;BIRC5;APAF1;PIK3R3;CASP3;YWHAQ;PIK3CA;FASN;HRAS;PIK3CB;TBK1;MAPK13;MAP2K2;MAPK1;JAK2;NFKBIA;DDB1;DDX3X;MAP3K7;TLR4;AKT2;NFKB1;FADD;TNF;CASP8;IRAK1"
332;prerank;CYSTEINE AND METHIONINE METABOLISM;-0.1868915986454053;-0.6475298234979836;0.9588815789473685;0.9889669950187374;1.0;8/39;21.05%;"LDHA;AHCY;MDH1;PSAT1;SBDS;BCAT2;GNMT;APIP"
333;prerank;NUCLEOTIDE EXCISION REPAIR;0.1541737156079173;0.6308459121102138;0.9922879177377892;0.9957402446698908;1.0;17/57;24.85%;"UVSSA;POLR2A;POLD2;POLR1A;POLR1B;DDB2;GTF2H4;SLC19A1;RAD23A;CDK7;ERCC6;POLE4;POLR2K;POLR2J;POLD4;GTF2H5;GTF2H3"
334;prerank;CYTOKINE-CYTOKINE RECEPTOR INTERACTION;0.1335245906741509;0.6263396669193633;1.0;0.9895541551080649;1.0;35/134;29.66%;"NGFR;CX3CL1;ACVR1B;TNFRSF11A;TGFB1;IL17RE;CXCL12;TNFSF10;CTF1;CSF2RA;INHBA;TNFRSF12A;TGFB3;LIF;BMPR2;TGFBR1;TNFRSF21;CLCF1;IL1RAP;LEPROT;IL11;INHA;IL20RA;IL15;BMP2;THPO;CX3CR1;BMP7;BMP4;IL15RA;IL13RA1;TNFRSF25;INHBB;CCR9;LTBR"
335;prerank;ASCORBATE AND ALDARATE METABOLISM;-0.2625700562392079;-0.6190574519122414;0.923679060665362;0.9955175817610962;1.0;4/9;33.22%;"AKR1A1;ALDH7A1;GUSB;UGDH"
336;prerank;COBALAMIN TRANSPORT AND METABOLISM;0.21484222910543166;0.6148024381260551;0.9421841541755889;0.9855898521391492;1.0;2/14;14.58%;"MMACHC;MTRR"
337;prerank;TOXOPLASMOSIS;-0.15073295361036157;-0.6029119257574147;0.9922958397534669;0.9957977913596332;1.0;27/82;31.52%;"HSPA1B;CASP3;GNAI3;MAPK13;MAPK1;IL10RB;JAK2;NFKBIA;MAP3K7;TLR4;AKT2;NFKB1;LY96;TNF;CASP8;IRAK1;LMNB2;ITGA6;CYCS;ITGB1;ALOX5;CCR5;MYD88;AKT1;MAP2K6;TNFRSF1A;PDPK1"
338;prerank;ADIPOCYTOKINE SIGNALING PATHWAY;-0.16225527723956734;-0.5947335272722476;0.9902120717781403;0.9931833398404732;1.0;13/59;21.37%;"ACSL1;ACSL5;NPY;MTOR;SOCS3;TRADD;JAK2;NFKBIA;AKT2;ADIPOR2;NFKB1;TNF;ACACB"
339;prerank;CORTISOL SYNTHESIS AND SECRETION;-0.1682817968840739;-0.5896671961597562;0.9920760697305864;0.9896956823275053;1.0;7/41;18.96%;"PLCB3;ITPR1;PLCB4;KCNK2;ITPR2;ADCY5;CACNA1C"
340;prerank;PRIMARY IMMUNODEFICIENCY;0.20611313924017868;0.5702521980562844;0.9686800894854586;0.9880382959980837;1.0;1/14;2.28%;RFX5
341;prerank;THIAMINE METABOLISM;-0.23238986357947858;-0.5571329902512792;0.9612546125461254;0.9910013312196889;1.0;3/10;16.86%;"AK4;AK7;ALPL"
